hanja,hanja_freq,니,라,고,하니,하고,는,하여,하야,에,요,은,면,로,이라,이니,니라,이요,며,하다,되,대,러니,하니라,를,을,리오,리라,잇가,시니라,잇고
之,118353,33567,28019,14311,16083,13694,13037,11920,8632,8447,8188,7344,8304,7411,5637,4084,4074,2937,2578,1803,2121,1677,1050,1211,1782,1364,1079,603,346,351,119
而,60266,20866,17150,10159,10782,9856,6330,6980,5447,3487,4676,2979,6069,3812,3820,2246,2760,1808,1881,813,1835,681,717,718,758,527,652,419,258,188,55
不,57400,18680,16517,8945,8974,8614,5146,5928,4493,2631,4547,2514,6418,3581,4335,2543,2794,1953,2159,747,1563,688,610,673,781,526,757,550,271,142,73
以,54797,17847,15225,9015,9444,8679,5008,7900,6405,2803,3622,2528,4486,6993,4029,2013,2397,1454,1447,1361,1175,954,782,768,567,379,510,287,187,228,56
也,52721,19439,27189,2290,5725,2101,11463,2416,1079,1927,6941,8527,2277,2215,1224,1233,2947,568,819,269,717,202,213,473,310,237,410,243,70,221,107
其,50385,15235,13262,7744,7782,7521,4873,6597,5024,3524,3392,2182,4538,3245,3171,1738,2001,1335,1409,639,1019,501,592,602,593,478,557,389,174,146,25
者,34492,10438,9313,3765,4325,3668,12576,2514,2061,2212,3732,1100,2096,1959,1422,1148,1297,1116,718,185,792,377,320,301,1077,149,260,173,124,46,25
爲,34405,11179,9296,5548,5887,5359,3031,4296,3939,2206,2815,1572,2364,2083,2633,1404,1313,1255,870,1082,795,513,703,485,353,222,380,190,117,61,44
人,29756,9132,7405,4099,4559,3950,2854,2885,2821,2277,2216,2535,2486,1910,2156,1360,1078,1080,792,757,744,485,362,349,299,401,326,175,79,52,30
於,28437,9021,7022,4506,4872,4358,2675,3748,3139,4001,1866,1169,2284,1583,1728,998,1033,768,737,408,569,416,399,284,354,233,300,169,115,58,29
有,28199,10064,7725,3804,5678,3698,2319,2828,2118,2595,1938,1103,3202,1734,2067,1042,1103,753,1025,355,758,346,375,353,287,181,380,266,122,65,20
子,24658,7384,5695,3595,3652,3315,2975,2111,2250,2338,1231,1084,1280,1928,1150,695,1059,447,514,1055,463,787,449,297,214,175,228,199,68,210,56
所,21699,7701,6749,2133,3052,2072,3611,2147,1577,1272,2329,1645,1764,1236,1262,1283,979,857,445,121,474,200,147,164,423,277,217,116,71,69,11
則,20852,7429,6464,3155,2767,3030,1478,2017,913,759,2483,830,6149,606,1313,1228,908,1069,542,49,217,121,50,133,340,296,270,435,87,42,42
曰,18924,3988,4343,1993,2207,1739,1343,641,896,1113,951,799,679,783,1353,497,475,447,223,271,160,991,149,264,108,101,138,147,91,29,81
下,16805,5522,3882,2760,2862,2611,1993,2571,1676,1405,1173,855,1369,1262,875,553,584,431,501,190,412,214,192,189,249,160,144,98,84,36,24
天,15432,4854,3627,2219,2170,2080,1749,2289,1437,1349,1230,953,1177,1164,858,595,593,475,476,136,355,194,157,154,217,167,178,108,71,49,14
言,15063,4532,4416,1799,2229,1719,1939,1808,915,1087,1208,1318,1164,926,1153,605,574,563,362,121,466,283,150,188,168,178,113,99,29,89,12
大,14938,4575,3869,2502,2535,2431,1684,1943,1555,1246,1101,1140,953,942,969,498,516,380,416,526,341,279,177,225,139,102,83,70,22,22,5
無,14894,4982,4414,2232,2585,2175,1269,1856,1270,885,1279,545,1731,909,1078,628,725,573,609,163,350,134,138,210,170,125,172,163,85,36,7
可,13535,5516,5051,1084,2078,1016,1211,958,801,686,1682,578,1536,825,1069,857,817,679,296,169,304,139,78,115,456,401,241,183,132,41,33
王,12983,3139,2513,1813,1686,1691,984,1825,1070,1367,565,911,527,851,687,265,304,229,227,615,223,371,219,128,74,85,86,56,24,32,21
公,12952,3389,2490,1917,2169,1845,667,932,1722,1795,524,743,371,787,713,232,317,209,181,988,298,453,327,168,90,89,63,59,30,23,7
此,12691,5278,4615,877,2752,819,2447,1066,612,799,779,760,1218,909,777,532,968,284,109,60,210,171,64,267,145,128,185,78,94,106,21
一,11524,3473,2569,1446,1670,1403,854,1117,1121,1303,960,678,1155,679,771,602,382,479,252,158,270,95,120,113,137,142,94,56,31,13,7
事,11509,3580,2960,1874,1784,1816,1381,1406,1385,1054,847,483,963,723,632,344,396,254,407,190,265,195,203,171,263,75,111,65,42,29,13
自,11388,3518,2984,1676,1811,1645,944,1658,1430,776,780,530,915,1740,765,449,409,341,239,272,252,180,189,124,108,89,109,77,24,41,5
君,11362,3717,2822,1621,1791,1566,1388,1126,1028,966,821,746,1040,908,667,472,430,376,348,207,199,191,106,121,106,116,165,87,39,13,10
得,11246,3933,3481,1736,1980,1694,948,1543,1289,699,868,469,1432,653,979,499,459,373,232,169,208,110,181,143,173,158,207,133,44,18,15
故,11227,3071,5306,1224,1613,1168,797,891,541,581,677,342,397,5213,2051,359,791,305,144,142,99,92,102,330,84,74,33,9,13,129,5
是,11032,4332,3798,971,2048,936,1276,976,641,1416,863,425,1187,1565,687,552,669,302,179,119,156,126,123,186,112,70,140,76,29,35,8
能,10672,3694,3437,1462,1758,1410,941,1536,935,455,870,387,1676,767,850,456,453,356,296,96,314,91,104,116,130,78,321,124,57,23,10
與,10496,3317,2616,1492,1818,1414,933,1238,1274,664,522,475,779,1350,715,333,376,159,259,302,262,174,236,153,128,95,151,99,86,21,18
上,10495,3288,2214,1877,1914,1818,870,1921,887,809,729,817,649,604,728,410,249,309,309,191,240,248,143,108,75,67,45,22,20,23,14
至,10202,3262,2498,1386,1710,1355,1094,1777,1540,1120,635,446,878,735,559,324,354,228,223,231,293,116,243,121,81,51,89,70,29,15,5
中,9859,3035,2289,1527,1709,1508,825,1436,1004,1010,787,646,563,690,766,438,280,406,252,259,180,118,175,116,57,55,42,48,13,9,2
如,9798,3511,2980,1121,1961,1008,745,941,708,697,549,427,1244,524,579,414,496,194,286,242,200,130,95,184,186,167,149,76,44,47,80
矣,9744,4317,5018,456,1272,411,586,548,326,416,1000,287,1687,994,202,154,740,84,141,76,365,87,126,88,174,131,93,665,21,39,20
使,9512,2452,1782,2149,1372,2093,426,1720,1824,719,377,190,907,1128,405,217,227,123,257,622,158,383,211,91,96,63,44,43,24,28,7
然,9311,2763,2549,1156,1399,1107,935,1102,816,1346,554,445,801,437,696,387,391,248,167,89,187,82,73,105,111,65,107,58,41,16,8
知,9168,2890,2785,1521,1307,1461,910,864,875,593,857,385,894,739,507,268,427,278,272,156,259,92,157,66,184,140,148,71,47,32,16
謂,9030,3120,3290,554,1222,488,1473,482,369,324,1041,1054,383,418,723,597,328,454,97,35,150,96,52,77,234,166,71,18,21,13,27
皆,8650,3426,2922,1104,1915,1083,976,919,762,485,626,579,427,634,717,460,390,297,164,276,402,155,129,157,165,118,49,43,22,6,5
道,8404,2956,2672,1185,1343,1159,1391,1170,645,512,812,484,830,464,436,305,418,201,232,70,162,78,88,93,106,66,98,39,17,22,4
行,8228,2510,2147,1379,1195,1336,736,1091,977,715,648,548,850,434,618,348,286,274,321,167,186,117,125,89,128,78,57,61,22,19,10
三,8131,2450,1723,1128,1346,1090,765,701,752,1274,695,677,421,595,589,392,255,368,187,271,237,138,113,112,88,92,37,25,10,9,6
在,8074,3083,2246,1000,1796,974,917,935,485,714,730,529,542,462,698,372,328,327,234,58,143,76,117,123,76,48,73,49,18,9,3
臣,7929,2397,1535,1142,1169,1083,768,763,962,691,496,618,516,710,531,301,157,249,175,75,181,185,112,51,89,76,48,20,35,9,14
後,7736,2505,2103,1142,1200,1125,625,762,740,2341,502,265,432,503,515,284,396,199,187,127,128,85,203,142,76,49,52,60,19,12,2
二,7693,2258,1609,918,1286,896,880,767,627,1135,734,408,419,549,532,359,198,372,130,286,155,83,95,102,76,45,32,29,14,6,4
于,7623,2400,1680,1277,1635,1218,362,1183,1143,979,239,266,278,495,509,159,244,95,309,758,109,173,142,136,50,38,27,54,3,23,2
國,7537,2341,1695,1248,1278,1220,664,898,804,735,443,529,556,477,527,344,288,239,183,229,159,117,99,117,84,70,63,52,27,10,4
夫,7494,2244,1694,1259,1020,1189,1320,620,641,693,512,634,499,676,348,222,286,200,253,236,188,141,85,86,78,68,128,37,26,68,13
非,7299,2705,2778,526,969,494,874,471,313,236,1494,434,1140,377,486,427,459,534,245,31,223,61,26,54,68,35,149,29,35,23,5
民,7189,2328,1670,1302,1128,1256,567,1339,660,428,461,476,676,503,450,350,288,220,333,60,174,114,87,103,106,100,68,60,23,16,14
用,7149,2384,2001,1233,1197,1209,690,929,767,493,523,459,647,409,628,362,279,275,262,85,184,89,97,94,80,72,124,67,22,20,3
見,7071,2276,2051,1356,1261,1296,526,798,686,631,452,338,484,425,535,262,364,201,187,105,178,192,145,173,135,108,51,51,14,13,5
相,7052,2258,1708,1048,1337,1020,493,1116,839,555,376,354,416,455,496,242,234,161,219,174,199,129,133,108,51,46,42,21,13,2,6
亦,7017,3130,3049,708,1437,682,448,567,426,388,521,278,498,444,696,419,546,208,190,107,177,94,104,125,74,76,105,111,55,32,3
時,6956,2100,1746,789,1107,765,602,1088,819,1470,409,283,481,406,376,187,238,122,225,35,198,83,122,79,74,56,44,25,11,18,1
十,6902,1760,1327,779,1019,752,363,475,644,1654,566,269,302,403,554,338,150,300,128,403,157,69,120,89,48,43,15,18,6,6,2
文,6881,2052,1905,1114,1161,1063,676,820,706,691,464,649,307,453,575,240,333,199,178,112,154,125,110,150,51,64,32,24,7,37,2
又,6675,2397,1880,1610,1634,1544,373,938,763,573,516,160,447,389,575,199,221,223,275,130,131,110,87,98,63,53,118,34,24,35,7
將,6630,1998,1388,1101,1017,1074,273,960,1058,625,247,278,495,416,369,161,143,123,114,318,127,251,210,69,49,42,102,184,38,7,3
未,6601,2440,2271,795,1154,776,625,630,521,819,529,306,505,530,558,211,304,199,127,102,263,77,199,65,88,69,43,31,20,21,4
必,6506,2623,2323,862,860,824,676,572,485,585,659,239,1056,300,611,467,278,291,224,41,165,50,26,52,62,73,69,290,21,18,8
今,6300,2433,1413,847,1406,808,686,562,609,727,364,455,476,485,438,196,164,145,80,26,178,116,227,84,66,52,44,37,34,7,7
明,6039,1759,1575,999,871,963,566,968,541,548,514,457,417,371,441,231,212,246,232,76,100,64,68,72,35,52,33,32,26,23,0
出,5986,1882,1433,1139,1115,1108,426,802,944,679,326,297,418,313,502,223,201,173,175,219,151,116,115,88,57,47,30,42,9,9,4
年,5968,1447,1153,735,913,716,189,356,673,2276,209,183,193,391,456,142,137,114,73,330,148,93,150,76,28,52,19,22,2,7,1
欲,5813,1889,1395,817,965,790,557,871,763,238,376,204,552,403,371,194,185,159,137,85,192,244,152,38,75,39,73,34,21,21,5
心,5791,1811,1634,812,796,778,550,1068,545,338,448,413,684,421,452,307,253,175,168,24,122,39,41,64,46,102,81,40,22,16,4
已,5660,2353,2003,643,860,625,617,514,512,455,643,258,472,330,296,171,370,126,99,59,130,63,109,46,76,51,67,30,29,31,4
乃,5618,1954,1725,983,1035,954,365,910,721,313,314,239,260,330,478,264,204,123,115,452,104,139,62,69,27,29,39,55,32,14,2
乎,5605,1783,1076,621,930,583,504,404,307,191,289,225,544,238,225,163,185,99,175,43,64,33,27,51,62,35,153,38,298,20,5
四,5579,1715,1130,839,972,816,634,733,420,819,466,271,292,364,335,225,143,209,193,160,131,70,55,64,51,41,19,18,4,11,2
德,5574,1783,1619,818,849,784,559,915,447,287,553,513,531,420,523,274,217,273,207,69,76,73,53,72,52,65,29,27,7,22,5
正,5553,1897,1535,723,925,709,544,813,273,473,500,484,564,397,417,302,148,228,157,132,133,45,28,48,39,44,40,35,3,12,1
日,5519,1504,1166,863,795,832,337,651,612,1117,297,328,367,369,385,197,163,128,169,187,128,78,95,74,65,50,33,53,13,6,2
當,5501,2021,1748,576,854,555,534,914,553,455,540,301,547,317,449,390,243,249,82,44,127,47,56,47,71,54,45,42,19,14,1
雖,5415,1328,2112,384,600,361,309,375,261,173,195,203,539,198,840,190,180,80,66,13,32,26,24,36,29,24,86,62,20,7,8
書,5381,1388,1270,1091,922,1070,514,601,749,666,237,181,170,306,375,82,193,111,106,199,157,144,112,123,65,28,16,6,3,2,5
若,5380,1759,1271,573,798,541,483,544,430,281,346,291,1737,222,311,227,190,139,187,30,107,50,34,54,77,41,84,79,23,10,5
我,5364,1780,1677,540,854,487,524,729,322,261,283,155,489,449,349,144,199,79,142,91,99,54,54,83,78,33,140,136,9,18,2
五,5363,1582,1102,698,906,682,616,602,436,809,540,287,262,399,374,258,112,233,159,182,135,72,44,56,66,29,14,17,5,1,4
及,5317,1650,1265,833,917,806,511,710,923,856,237,200,368,358,352,135,197,117,126,246,134,86,195,75,63,45,37,51,13,13,2
侯,5148,1370,845,815,878,805,428,556,546,703,200,180,225,261,155,99,119,86,90,511,97,159,103,68,43,19,26,38,14,3,3
諸,5124,1534,1047,950,951,930,444,658,705,510,233,255,319,298,240,122,153,102,122,261,130,155,83,67,81,53,31,40,39,9,4
成,5111,1652,1392,786,848,758,436,785,405,483,371,303,428,271,388,233,214,174,161,147,86,73,65,74,46,32,47,28,8,11,1
士,5009,1350,1011,1049,751,1023,615,486,840,524,315,199,232,407,237,99,157,106,172,163,111,98,114,74,57,17,36,16,12,1,11
生,4996,1595,1190,823,876,791,429,605,554,446,389,347,355,276,361,178,133,174,180,88,97,62,84,63,46,42,39,23,7,8,6
禮,4943,1638,1433,789,870,766,726,428,420,639,420,254,447,291,271,174,252,127,226,80,81,94,47,66,103,19,40,18,14,16,4
從,4942,1669,1289,796,935,767,377,592,722,331,254,194,467,288,295,184,199,111,151,205,115,113,107,85,58,37,63,72,21,8,7
世,4851,1530,1343,653,844,635,590,588,640,485,337,257,227,396,348,139,221,133,97,51,121,75,98,70,63,43,50,28,17,13,2
先,4694,1456,1222,824,730,775,453,565,565,482,305,326,338,354,341,165,165,111,145,86,93,60,81,67,65,37,42,26,7,10,11
居,4632,1616,1076,906,1079,887,398,1027,399,487,328,248,240,337,305,101,106,111,170,75,104,44,98,52,32,14,21,12,6,2,2
兵,4630,1329,842,1062,844,1058,261,664,945,437,241,237,261,295,353,125,82,130,93,253,116,140,120,33,39,33,22,16,9,1,0
太,4584,1049,787,925,625,903,354,606,546,500,270,262,118,297,250,95,77,119,72,310,83,127,150,58,28,21,12,9,3,2,5
命,4529,1537,1240,678,780,649,351,799,433,341,252,321,277,288,352,169,189,116,122,128,83,103,40,70,34,51,47,31,11,23,1
小,4485,1402,1194,711,662,688,564,460,336,272,442,517,379,279,296,203,159,186,160,42,77,43,31,49,66,38,29,22,12,4,5
