rank,distance,cluster_id,book_name,paragraph_id,left_sentence_id,right_sentence_id,src_left,src_right,tgt_left,tgt_right
1,0.8657768964767456,11,당송팔대가문초구양수6,24,215,216,嗚呼라,始爲朋黨之論者誰歟아,아아!,붕당(朋黨)의 논의를 처음 주창한 사람이 누구인가?
2,0.8508159518241882,11,당송팔대가문초구양수2,541,2125,2126,嗚呼라,始爲朋黨之論者誰歟아,아아!,처음 붕당(朋黨)이란 말을 주장한 자는 누구인가?
3,0.8430795669555664,5,서경집전(하),186,705,706,西旅는 西方蠻夷國名이라,犬高四尺曰獒라,서려(西旅)는 서방(西方)의 만이(蠻夷)의 나라 이름이다.,개가 키가 4척(尺)인 것을 오(獒)라 한다.
4,0.8403791785240173,9,당송팔대가문초구양수3,272,1198,1199,山之僧曰智僊也라,名之者誰오,산승(山僧)인 지선(智僊)이다.,이름을 지은 자는 누구인가?
5,0.8370081186294556,13,자치통감강목4,595,3532,3533,"椒房, 殿名, 在未央宮, 皇后所居.","以椒和泥塗壁, 取其溫煖而芳, 辟除惡氛.","“초방(椒房)”은 궁전의 이름으로 미앙궁(未央宮)에 있었으니, 황후(皇后)가 거처하는 곳이다.","천초(川椒)를 진흙과 섞어 벽에 바르니, 이는 따뜻하고 향기로워서 나쁜 냄새를 제거하는 뜻을 취한 것이다."
6,0.8345531225204468,5,당송팔대가문초왕안석1,533,2339,2340,今所謂慧空禪院者는 褒之廬冡也니,距其院東五里에 所謂華山洞者는 以其乃華山之陽으로 名之也라,지금 혜공선원(慧空禪院)이라 일컫는 곳은 혜포(慧褒)의 무덤을 지키는 사원(寺院)이다.,"혜공선원(慧空禪院)에서 동쪽으로 5리(里)쯤에 이른바 화산동(華山洞)이라는 곳이 있는데, 그곳이 곧 화산(華山)의 남쪽이기 때문에 그렇게 이름을 지은 것이다."
7,0.8327359557151794,2,당시삼백수1,125,831,832,〈漁翁〉,柳宗元,〈늙은 어부〉,유종원
8,0.8290922045707703,5,당송팔대가문초증공1,338,1842,1843,若日役五千人하여 益隄使高八尺인댄 當一歲畢이요,其竹木之費 凡九十二萬有三千이요,만약 날마다 5천 명을 파견하여 둑의 높이가 8척이 되도록 둑을 증축한다면 1년 만에 마칠 수 있다.,"그 공사에 들어가는 대나무와 목재의 비용이 총 92만 3, 000문(文)이다."
9,0.8280131220817566,12,자치통감강목4,64,406,407,"列仙傳 “安期生, 琅邪人, 賣藥東海邊,",時人皆言千歲. ”,"≪열선전(列仙傳)≫에 “안기생(安期生)은 낭야(琅邪) 사람이니, 동해 바닷가에서 약을 팔았다.","당시 사람들이 모두 그의 나이는 1, 000세라고 말하였다. ” 하였다."
10,0.8252447247505188,9,당송팔대가문초소식2,342,1694,1695,正統者는 何耶오,名耶아,정통(正統)이란 것은 무엇인가?,명(名)인가?
11,0.8240671753883362,13,당송팔대가문초한유1,104,576,577,通計一家五口所食之鹽하되 平叔所計一日以十錢爲率이면 一月當用錢三百이니,是則三日食鹽一斤이요 一月率當十斤이니이다,식구가 다섯인 집에서 먹는 소금을 계산하여 장평숙이 계산한 하루의 10전을 기준으로 삼으면 한 달에 300전을 소금 값으로 써야 합니다.,"그렇다면 사흘에 소금 한 근(斤)이 필요하고, 한 달이면 대체로 열 근이 필요합니다."
12,0.8237453103065491,5,당송팔대가문초증공1,384,2161,2162,其舊名은 曰鸎脰湖니 而今名은 大曆八年令儲仙舟之所更也라,貞元元年에 刺史任侗이 又治而大之하고,"광덕호(廣德湖)의 옛 이름은 앵두호(鸎脰湖)라 하는데, 현재의 명칭은 대력(大曆) 8년 은현(鄞縣) 현령(縣令) 저선주(儲仙舟)가 바꾼 것이다.",정원(貞元) 원년에는 자사(刺史) 임동(任侗)이 또 광덕호(廣德湖)를 정비하여 크게 만들었다.
13,0.82310950756073,11,당송팔대가문초증공1,154,910,911,然後에 戰國策三十三篇復完하니라,敍曰,이렇게 한 뒤에 ≪전국책(戰國策)≫ 33편이 비로소 원상 복구되었다.,서문을 다음과 같이 쓴다. 
14,0.8225714564323425,13,당시삼백수1,116,646,647,劍器武舞之曲名 其舞用女妓雄妝 空手而舞 非用刀劍也,文獻通考劍器恐指受劍之物 謂空手也,"검기(劍器)는 무무(武舞)의 곡(曲)이름인데, 그 춤은 녀기(女妓)를 웅걸(雄傑)하게 단장시켜 공수(空手)로 춤추게 하는 것이요 도검(刀劍)을 사용하는 것이 아니다.","≪문헌통고(文獻通考)≫에, “검기란 아마도 칼을 받아들이는 물건을 가리킨 듯하다. ” 하였으니 공수(空手)를 이른다."
15,0.82224041223526,12,당송팔대가문초증공1,371,2074,2075,自門至於寢廬히 總爲屋凡若干區요,自計材至於用工히 總爲日凡二千三百九十六日而落成焉하니라,문에서부터 숙소까지 약간의 구역에 건물들을 새로 지었다.,"건축 자재를 준비한 시기부터 노동력을 투입한 시기까지 총 2, 396일이 걸린 뒤에 준공되었다."
16,0.8202826380729675,12,당송팔대가문초구양수4,285,1341,1342,以寶元二年四月二十五日卒하니 享年四十有二라,其平生所爲文曰破碎集公安集南陽集凡三十卷이라,보원(寶元) 2년(1039) 4월 25일에 졸하니 향년(享年) 42세였다.,"그가 평생 지은 문장은 ≪파쇄집(破碎集)≫, ≪공안집(公安集)≫, ≪남양집(南陽集)≫인데 모두 30권이다."
17,0.818257749080658,5,자치통감강목4,64,405,406,"丹砂, 藥名.","列仙傳 “安期生, 琅邪人, 賣藥東海邊,",단사(丹砂)는 약(藥)의 이름이다.,"≪열선전(列仙傳)≫에 “안기생(安期生)은 낭야(琅邪) 사람이니, 동해 바닷가에서 약을 팔았다."
18,0.8182399272918701,6,당송팔대가문초유종원1,7,56,57,僕自去年八月來로 痞疾稍已이라,往時間一二日作이나 今一月乃二三作이라,저는 지난해 8월 이후 비질(痞疾)이 약간 나았습니다.,과거에는 하루나 이틀 간격으로 발작하였으나 지금은 한 달에 두세 번씩 발작합니다.
19,0.8145734071731567,9,논어집주,753,2678,2679,達巷은 黨名이니,其人姓名은 不傳이라,달항(達巷)은 당(黨)의 이름이다.,그 사람의 성명(姓名)은 전하지 않는다.
20,0.8137945532798767,10,춘추좌씨전1,282,1821,1822,頓 子爵,宗 子爵,돈(頓) 자작이다.,종(宗) 자작이다.
21,0.8137388825416565,1,논어집주,1549,4964,4965,冢宰는 大宰也라,百官聽於冢宰라 故로 君得以三年不言也라,총재(冢宰)는 태재(太宰)이다.,"백관(百官)들이 총재(冢宰)에게 명령을 들으므로, 군주(君主)가 3년 동안 말하지 않을 수 있는 것이다."
22,0.8135673999786377,12,당송팔대가문초증공1,162,944,945,南齊書는 八紀와 十一志와 四十列傳으로 合五十九篇이니 梁蕭子顯撰하니라,始에 江淹已爲十志하고 沈約又爲齊紀어늘 而子顯自表武帝하여 別爲此書라,"≪남제서(南齊書)≫는 8편의 〈본기(本紀)〉와 11편의 〈지(志)〉와 40편의 〈열전(列傳)〉으로 모두 59편인데, 양(梁)나라 소자현(蕭子顯)이 편찬하였다.","처음에 강엄(江淹)이 이미 10편의 〈지(志)〉를 만들고 심약(沈約)이 또 〈제기(齊紀)〉를 만들었는데, 소자현(蕭子顯)이 스스로 무제(武帝)에게 표문을 올려 따로 이 책을 만들었"
23,0.813457190990448,13,당송팔대가문초소철3,239,1301,1302,穀以石計者二千四百四十五萬이요 而其出之不盡者七十四萬이니이다,草以束計者七百九十九萬이요 而其出之多者八百一十一萬이니이다,"곡식을 석(石)으로 계산한 것이 2, 445만 석이고, 지출하고 남은 것이 74만 석입니다.","초(草)를 속(束)으로 계산한 것이 799만 속이고, 지출의 초과분이 811만 속입니다."
24,0.8130414485931396,10,당송팔대가문초유종원1,225,2025,2026,潭州東池戴氏堂記,子厚本色이라,담주(潭州) 동지(東池)의 대씨(戴氏) 집에 관한 기문,자후(子厚)의 본래 색깔이다.
25,0.8128271102905273,9,시경집전(하),2732,6057,6058,鷦鷯之雛化而爲鵰라,故로 古語曰 鷦鷯生鵰라하니 言始小而終大也라,뱁새의 새끼가 변화하여 보라매가 된다.,"그러므로 옛 말에 이르기를 “뱁새가 보라매를 낳는다.”하였으니, 처음에는 작으나 끝에는 커짐을 말한 것이다."
26,0.81279456615448,10,당시삼백수3,133,1134,1135,〈金谷園〉,杜牧,〈금곡원〉,두목
27,0.8125802278518677,5,자치통감강목4,270,1860,1861,"因取五色母馬, 置其下, 與集生駒, 皆汗血, 因號天馬子.","一說 “汗血者, 汗從肩膊出如血號, 能一日千里. ”","이에 오색(五色)의 암말을 데려다가 그 아래에 두어 교접하게 해서 망아지를 낳으면 모두 한혈(汗血)의 천리마(千里馬)가 되니, 인하여 천마자(天馬子)라 이름하였다.","일설에 “한혈(汗血)이란 땀이 어깨로부터 나오는데 피와 같으므로 이렇게 이름하였으니, 능히 하루에 천 리를 갈 수 있다. ” 한다."
28,0.812516987323761,12,춘추좌씨전1,463,2340,2341,九年春王三月癸酉에 大雨霖以震은 書始也라,庚辰에 大雨雪도 亦如之하니,9년 봄 3월 계유일에 크게 장마비가 내리며 천둥이 쳤다는 것은 시작한 날을 기록한 것이다.,경진일에 큰 눈이 내렸다는 것도 이와 같다.
29,0.8118079304695129,13,자치통감강목5,295,1806,1807,大昆彌는 戶六萬餘요 小昆彌는 戶四萬餘라,然이나 衆心이 皆附小昆彌하니라,대곤미는 가호(家戶)가 6만여 호(戶)이고 소곤미는 4만여 호(戶)였다.,그러나 사람들의 마음이 모두 소곤미를 따랐다.
30,0.81148362159729,11,당송팔대가문초유종원1,7,51,52,與李翰林建書,杓直足下,한림(翰林) 이건(李建)에게 보낸 편지,표직족하(杓直足下)께 드립니다.
31,0.8110793828964233,4,당송팔대가문초소식5,108,412,413,曰 五日不雨면 則無麥하리이다,十日不雨 可乎아,“5일 동안 비가 내리지 않으면 보리농사가 안 될 것입니다. ”,“10일 동안 비가 내리지 않는 것이 가하겠는가? ”
32,0.8098756074905396,6,자치통감강목5,194,1130,1131,"靡忘, 羌帥名也.","自歸, 自來首罪也.",미망(靡忘)은 강족(羌族) 오랑캐 장수의 이름이다.,“자귀(自歸)”는 스스로 와서 죄를 자수하는 것이다.
33,0.8091394305229187,14,자치통감강목7,774,2495,2496,丁未年(A. D. 47),二十三年이라,정미년(丁未年)(A. D. 47),한(漢)나라 세조(世祖) 광무황제(光武皇帝) 건무(建武) 23년이다.
34,0.8089828491210938,13,자치통감강목4,212,1478,1479,故以爲白金三品之文.,"重差小, 謂以半斤之重, 差爲三品, 此重六兩, 則下品重四兩也.",그러므로 이로써 백금(白金) 세 등급의 문양을 만든 것이다.,"무게가 조금씩 적은 것은 반 근［8냥(兩)］의 무게로 차등하여 세 종류를 만들었으니, 이 두 번째의 무게가 6냥(兩)이면 하품(下品)(세 번째)은 무게가 4냥(兩)인 것을 이른다."
35,0.8089575171470642,10,당시삼백수3,35,295,296,〈新嫁娘〉,王建,〈새색시〉,왕건
36,0.8088562488555908,10,당송팔대가문초구양수5,60,452,453,當是時하야 西突厥有鐵勒薛延陀阿史那之類가 爲最大요 其別部에 有同羅僕骨拔野古等은 以十數蓋其小者也라,又有處月處密諸部하니 又其小者也라,"이때에 서돌궐에 철륵(鐵勒)‧설연타(薛延陀)‧아사나(阿史那)의 무리들이 가장 큰 부락이었고, 다른 부(部)로 동라‧복골‧발야고 등 10여 개 부(部)가 있었는데, 대개 작은 부락이","또 처월(處月)‧처밀(處密) 등의 부(部)도 있었는데, 더 작은 부락이었다. "
37,0.8087645769119263,5,자치통감강목3,74,484,485,"白羊, 匈奴別種.","白羊‧樓煩二王之居, 在河南.",백양(白羊)은 흉노(匈奴)의 별종(別種)이다.,백양(白羊)과 누번(樓煩)의 두 왕이 사는 곳이 하남(河南)에 있다.
38,0.8087558150291443,10,자치통감강목2,238,1604,1605,"單父, 音善甫.",班志 “單父縣屬山陽郡. ”,선보(單父)는 음이 선보(善甫)이다.,≪한서(漢書)≫ 〈지리지(地理志)〉에 “선보현(單父縣)은 산양군(山陽郡)에 속한다. ”고 하였다.
39,0.8077660202980042,3,당송팔대가문초소식5,108,411,412,五日不雨 可乎아,曰 五日不雨면 則無麥하리이다,“5일 동안 비가 내리지 않는 것이 가(可)하겠는가? ”,“5일 동안 비가 내리지 않으면 보리농사가 안 될 것입니다. ”
40,0.8074528574943542,10,당송팔대가문초구양수5,171,1174,1175,王景仁은 廬州合肥人也라,初名茂章이니 少從楊行密하야 起淮南하다,왕경인(王景仁)은 여주(廬州) 합비(合肥) 사람이다.,초명은 무장(茂章)이니 젊은 시절 양행밀(楊行密)을 따라 회남(淮南)에서 기병(起兵)하였다.
41,0.807306706905365,3,자치통감강목3,456,2887,2888,"斷獄四百, 謂普天之下, 死罪人不過四百也.","錯, 置也.",“단옥사백(斷獄四百)”은 온 천하에 죽을죄를 지은 사람이 400명에 지나지 않음을 말한다.,조(錯)는 버려둔다는 뜻이다.
42,0.8072308897972107,10,자치통감강목4,137,951,952,"劇孟, 姓名, 洛陽人,","亦以俠顯,","극맹(劇孟)은 사람의 성명(姓名)이니, 낙양(洛陽) 사람이다.",또한 유협으로 알려졌다.
43,0.8069514036178589,5,당송팔대가문초왕안석1,533,2338,2339,褒禪山은 亦謂之華山하니 唐浮圖慧褒가 始舍於其址라가 而卒葬之라 以故로 其後名之曰褒禪이라하니라,今所謂慧空禪院者는 褒之廬冡也니,"포선산(褒禪山)은 화산(華山)이라고도 부르는데, 당(唐)나라 때의 스님 혜포(慧褒)가 그곳에 불사(佛舍)를 짓고 머물다가 사망하여 그곳에 장례를 지냈으므로, 그 때문에 그 이후에 ",지금 혜공선원(慧空禪院)이라 일컫는 곳은 혜포(慧褒)의 무덤을 지키는 사원(寺院)이다.
44,0.8069162368774414,12,당송팔대가문초증공1,387,2190,2191,以熙寧元年十一月始役하여 而以明年二月卒事하니,其用民之力이 八萬二千七百九十有二工이요 而其材出於工之餘라,희령(熙寧) 원년 11월에 공역을 시작하여 이듬해 2월에 완료하였다.,"이 공역에 투입된 백성들의 노동력은 8만 2, 792명이며, 목재는 노동력을 징발하지 않은 가구(家口)에서 징발하였다."
45,0.8064256906509399,9,자치통감강목3,382,2229,2230,"莢錢, 卽五分錢, 民間名曰 楡莢錢, 言如楡莢之薄也.","重一銖半, 徑五分, 文曰漢興.","협전(莢錢)은 바로 오푼전(五分錢)인데, 민간에서 ‘유협전(楡莢錢)’이라고 이름하였으니, 이는 느릅나무 잎처럼 얇음을 말한 것이다.","무게는 1수(銖) 반이고 지름은 5푼이며, 돈의 겉면에 한흥(漢興)이란 글자가 새겨져 있었다."
46,0.8063938617706299,9,자치통감강목4,222,1537,1538,"武剛車, 兵車也.","續漢志 “諸軍有矛戟, 其飾幡斿旗幟, 有巾有蓋, 謂之武剛車. ”",무강거(武剛車)는 병거(兵車)이다.,≪속한지(續漢志)≫에 “여러 군대에 모(矛)와 극(戟)이 장착되어 있고 번유(幡斿)와 기치(旗幟)로 꾸미고 덮개가 있고 일산이 있는 것을 무강거(武剛車)라 한다. ” 하였다.
47,0.8061913251876831,5,서경집전(상),316,1860,1861,蔡蒙은 二山名이라,蔡山은 輿地記에 在今雅州嚴道縣이라,채(蔡)와 몽(蒙)은 두 산의 이름이다.,채산(蔡山)은 ≪여지기(輿地記)≫에 “지금의 아주(雅州) 엄도현(嚴道縣)에 있다.” 하였다.
48,0.8057714700698853,5,당송팔대가문초유종원2,256,1980,1981,柳州司馬孟公墓誌銘,氣岸鑱畫하고 句亦陶洗라,유주사마(柳州司馬) 맹공(孟公)의 묘지명(墓誌銘),기개가 꿋꿋하고 문구도 깔끔하다.
49,0.8056640028953552,9,시경집전(하),589,1301,1302,比也라,蔚는 牡菣也이니 三月始生하고 七月始華하니 如胡麻華而紫赤이요 八月爲角하니 似小豆하고 角銳而長이라,비(比)이다.,"위(蔚)는 제비쑥이니, 3월에 처음 나오고 7월에 처음 꽃이 피니, 호마(胡麻)의 꽃과 같되 자적색(紫赤色)이요, 8월에 각(角)이 되니, 소두(小豆)와 같으며 각(角)이 뾰족하고"
50,0.8051085472106934,13,당송팔대가문초소철3,239,1300,1301,紬絹以匹計者一百五十一萬이요 而其出之多者十七萬이니이다,穀以石計者二千四百四十五萬이요 而其出之不盡者七十四萬이니이다,"주견(紬絹)을 계산한 것이 151만 필이고, 지출의 초과분이 17만 필입니다.","곡식을 석(石)으로 계산한 것이 2, 445만 석이고, 지출하고 남은 것이 74만 석입니다."
51,0.8050480484962463,11,당송팔대가문초한유3,172,1006,1007,友人韓愈書石以誌之하노라,辭曰,벗 한유(韓愈)가 비석(碑石)에 새겨 그의 평생을 기록하였다.,명사(銘辭)는 다음과 같다. 
52,0.8040117621421814,12,당송팔대가문초소식5,144,594,595,杭州鹽官安國寺僧居則이 自九歲出家러니 十年而得惡疾이라,且死에 自誓於佛호되 願持律終身하고 且造千手眼觀世音像하야 而誦其名을 千萬遍이러니,"항주(杭州) 염관(鹽官)에 있는 안국사(安國寺)의 승려 거칙(居則)은 9세 때에 출가(出家)하였는데, 10년 만에 나쁜 병을 얻었다.","그는 거의 죽게 되자, 스스로 부처님에게 맹세하기를 죽을 때까지 율법을 지키고 또 천수천안(千手千眼)의 관세음상(觀世音像)을 만들어서 천만 번 그 이름을 외울 것을 원하였다."
53,0.8037102818489075,7,서경집전(하),81,317,318,壬辰은 以泰誓戊午推之컨대 當是一月二日이라,死魄은 朔也니 二日故로 曰旁死魄이라,임진(壬辰)은 ˂태서(泰誓)˃의 무오일(戊午日)로 미루어 보면 마땅히 1월 2일이 된다.,"사백(死魄)은 초하루이니, 2일이기 때문에 방사백(旁死魄)이라고 말하였다."
54,0.8036264181137085,5,자치통감강목4,94,692,693,"未央宮, 有東闕‧北闕, 東闕曰蒼龍.","東司馬門, 蒼龍闕內之司馬門也.","미앙궁(未央宮)은 동궐(東闕)과 북궐(北闕)이 있으니, 동궐(東闕)을 창룡(蒼龍)이라 한다.",“동사마문(東司馬門)”은 창룡(蒼龍) 궐내(闕內)에 있는 사마문(司馬門)이다.
55,0.8035585284233093,8,자치통감강목1,500,1463,1464,馬已死라 買其(首)［骨］五百金而返이어늘 君이 怒한대,涓人이 曰死馬도 且買之온 況生者乎아,"그런데 천리마가 이미 죽었으므로 그 뼈를 500금(金)에 사서 돌아왔는데, 임금이 화를 내었습니다.",연인(涓人)이 말하기를 ‘죽은 말도 사왔는데 하물며 살아 있는 말이겠습니까?
56,0.8034523725509644,9,시경집전(상),1020,2380,2381,故로 笙竽를 皆謂之簧이라,"笙은 十三簧, 或十九簧이요 竽는 十六簧也라",그러므로 생(笙)과 우(竽)를 모두 황(簧)이라고 한다.,"생(笙)은 황(簧)이 13개이거나 또는 19개이며, 우(竽)는 16개이다."
57,0.8030352592468262,5,당송팔대가문초증공1,384,2159,2160,凡鄞之鄕十有四요 其東七鄕之田은 錢湖漑之하고 其西七鄕之田에 水注之者는 則此湖也라,舟之通越者皆繇此湖요 而湖之産에 有鳧雁魚鱉茭蒲葭菼葵蓴蓮茨之饒라,"은현(鄞縣)의 향(鄕)은 총 14곳으로, 그 중 동쪽 7개 향(鄕)에 있는 농지는 전호(錢湖)의 물로 관개를 하며, 나머지 서쪽 7개 향(鄕)에 있는 농지에 물을 대는 곳이 바로 ","선박으로 월주(越州)에 가는 경로는 모두 이 광덕호(廣德湖)를 경유하며, 광덕호(廣德湖)의 특산물로는 물오리, 기러기, 물고기, 자라, 줄풀, 부들, 갈대, 물억새, 아욱, 순채,"
58,0.802812397480011,1,서경집전(하),186,706,707,犬高四尺曰獒라,按說文曰 犬知人心可使者라하고 公羊傳曰 晉靈公이 欲殺趙盾이어늘 盾躇階而走한대 靈公이 呼獒而屬之하니 獒亦躇階而從之라하니,개가 키가 4척(尺)인 것을 오(獒)라 한다.,"≪설문(說文)≫에 “개가 사람의 마음을 알아 부릴 만한 것이다.” 하였으며, ≪공양전(公羊傳)≫에 “진(晉)나라 영공(靈公)이 조순(趙盾)을 죽이고자 하므로 조순(趙盾)이 뜰을 건"
59,0.8026791214942932,5,자치통감강목7,42,83,84,民이 訛言黃龍이 墮死黃山宮中이라하니,走觀者萬數라,"백성들이 유언비어를 퍼뜨려 “황룡(黃龍)이 황산궁(黃山宮) 안에 떨어져 죽었다. ”라고 하니, ",달려가 구경하는 자들이 1만 명이나 되었다.
60,0.802659273147583,11,당시삼백수3,14,118,119,詠作此四句 交卷,人問之 詠曰 我已作盡,그런데 조영(祖詠)은 이 네 구만을 지어 시험지를 제출했다.,"시험관이 그 까닭을 묻자, 그가 대답하기를 “저는 이미 다 썼습니다. ”라고 하였다."
61,0.8025789260864258,9,시경집전(상),329,796,797,蓬은 草名이라,一歲曰豵이니 亦小豕也라,봉(蓬)은 풀 이름이다.,"1년된 돼지를 종(豵)이라 하니, 또한 작은 돼지이다."
62,0.8023732304573059,13,자치통감강목6,1428,3103,3104,"於是에 更作金銀龜貝錢布之品하여 名曰寶貨라하니 凡五物, 六名에 二十八品이라",百姓이 憒亂하여 其貨不行이어늘 乃但行小錢直一與大錢五十二品하니 盜鑄者를 不可禁이라,"이에 다시 금(金)과 은(銀), 귀(龜)와 패(貝), 전(錢)과 포(布)의 종류를 만들어 ‘보화(寶貨)’라 이름하니, 모두 다섯 가지 물건과 여섯 가지 이름에 28종류였다.","이에 백성들이 혼란하여 이 화폐가 유통되지 못하자 마침내 다만 값어치가 1전(錢)인 소전(小錢)과 값어치가 50전(錢)인 대전(大錢) 두 가지만 유통하게 하니, 몰래 주조하는 자를"
63,0.80223548412323,2,당송팔대가문초소식5,108,413,414,十日不雨 可乎아,曰 十日不雨면 則無禾하리이다,“10일 동안 비가 내리지 않는 것이 가하겠는가? ”,“10일 동안 비가 내리지 않으면 벼농사가 안 될 것입니다. ”
64,0.8020283579826355,13,자치통감강목4,93,668,669,"宣室, 未央前殿正室也.","內, 讀曰納.",“선실(宣室)”은 미앙궁(未央宮) 전전(前殿)의 정실(正室)이다.,납(內)(들이다)은 납(納)으로 읽는다.
65,0.8017783761024475,3,자치통감강목3,505,3128,3129,謂無以布衣車及兵器也.,句.,〈“무포거급병기(毋布車及兵器)”는〉 삼베를 가지고 수레와 병기를 싸지 않음을 이른다.,여기서 구(句)를 뗀다.
66,0.8016403317451477,6,춘추좌씨전7,69,324,325,十二月辛亥朔에 日有食之하다,是夜也에 趙簡子夢에 童子臝而轉以歌하다,12월 초하루 신해일(辛亥日)에 일식(日食)이 있었다.,"그날 밤에 조간자(趙簡子)가 꿈을 꾸었는데, 동자(童子)가 발가벗고 뒹굴면서 노래를 불렀다."
67,0.8016231656074524,5,당송팔대가문초유종원2,61,312,313,中國之西數萬里에 有國曰身毒하니 釋迦牟尼如來示現之地라,彼佛言曰 西方過十萬億佛土에 有世界曰極樂하니 佛號無量壽如來라,중국에서 서쪽으로 수만 리 되는 곳에 건독(身毒)이라는 나라가 있는데 석가모니여래(釋迦牟尼如來)가 태어난 곳이다.,저들 불가(佛家)에서 말하기를 “서쪽으로 십만억 불토(佛土)를 지나가면 극락(極樂)이라는 세계가 있으니 그곳 부처를 무량수여래(無量壽如來)라 부른다.
68,0.8015241026878357,13,당송팔대가문초구양수1,230,1705,1706,內茶一色이 元計五萬斤이나,緣中國茶法이 大斤小斤不同이어늘 當初擬議之時에 朝廷謀慮不審하야 不曾明有指定斤數하니,그중에 차 한 품목은 원래 5만 근으로 계산했습니다.,"그러나 중국의 차에 대한 법은 대근(大斤)과 소근(小斤)이 같지 않은데, 당초 의논하려 할 때 조정의 사려가 치밀하지 못하여 분명히 근수(斤數)를 지정하지 않았습니다."
69,0.8013927936553955,5,당송팔대가문초소식5,134,528,529,成都는 西南大都會也라,佛事最勝이나 而大悲之像이 未睹其傑이라,성도(成都)는 서남쪽 지방의 큰 도회지이다.,불사(佛事)가 가장 많았으나 웅장한 대자비(大慈悲)의 상(像)은 아직 보지 못하였다.
70,0.8013243079185486,10,자치통감강목4,481,2930,2931,左賢王이 遂立하여 爲狐鹿姑單于하고 以左大將으로 爲左賢王하다,"匈奴二十四長, 左賢王, 位第一, 左大將, 位第五.","그리하여 좌현왕이 마침내 즉위해서 호록고선우(狐鹿姑單于)가 되고, 좌대장을 좌현왕으로 삼았다.","흉노(匈奴)의 24명 우두머리 중에 좌현왕(左賢王)의 지위가 첫 번째이고, 좌대장(左大將)의 지위가 다섯 번째이다."
71,0.8012424111366272,11,당송팔대가문초구양수3,250,1111,1112,吉州學記,典刑之文이라,길주학사(吉州學舍)에 대한 기문(記文),전범(典範)이 되는 문장이다.
72,0.8012339472770691,5,당송팔대가문초유종원2,145,801,802,永州之野에 産異蛇하니 黑質而白章이요 觸草木이면 盡死하고 以齧人이면 無禦之者라,然得而腊之하여 以爲餌면 可以已大風攣踠瘻癘하고 去死肌 殺三蟲이라,"영주(永州)의 들판에 일종의 특이한 뱀이 나오는데, 검정 바탕에 흰 무늬가 있으며, 그 독물(毒物)이 초목에 닿으면 초목이 모두 죽고 사람을 물면 어느 누구도 치료할 방법이 없다.","그러나 만약 이것을 잡아 포(脯)를 만들어 약으로 쓰면 문둥병과 손발이 오그라드는 병, 목에 난 종기 등을 치유하고 죽은 살을 제거하며 삼충(三蟲)을 죽일 수가 있다."
73,0.8011631965637207,12,자치통감강목2,489,3162,3163,高密縣在膠西.,"宣帝本始元年, 爲高密國.",고밀현(高密縣)은 교서(膠西)에 있다.,한(漢)나라 선제(宣帝) 본시(本始) 원년(B. C. 73)에 고밀국(高密國)이 되었다.
74,0.8007913827896118,13,당송팔대가문초구양수3,272,1197,1198,作亭者誰오,山之僧曰智僊也라,이 정자를 만든 사람은 누구인가?,산승(山僧)인 지선(智僊)이다.
75,0.8007212281227112,14,자치통감강목7,709,2307,2308,壬寅年(A. D. 42),十八年이라,임인년(壬寅年)(A. D. 42),한(漢)나라 세조(世祖) 광무황제(光武皇帝) 건무(建武) 18년이다.
76,0.800670862197876,9,자치통감강목6,1430,3111,3112,"金貨一品, 銀貨二品, 龜貨四品, 貝貨五品, 錢貨六品, 布貨十品.","布亦錢耳, 謂之布者, 言其分布流行也.","금화(金貨)가 1종, 은화(銀貨)가 2종, 귀화(龜貨)가 4종, 패화(貝貨)가 5종, 전화(錢貨)가 6종, 포화(布貨)가 10종이다.",포(布) 역시 돈인데 포(布)라 한 것은 분포되어 유행함을 말한 것이다.
77,0.800635814666748,6,당시삼백수1,142,1033,1034,桃源詩 唐宋以來 作桃源行最傳者 王摩詰韓退之王介甫三篇,觀退之介甫二詩 筆力意思 甚可喜,"〈도원시(桃源詩)〉 당송이래로 도원행(桃源行)을 지어서 가장 널리 알려진 것은 왕마힐, 한퇴지, 왕개보가 지은 세 편이다.",한퇴지와 왕개보의 두 시를 보면 필력(筆力)과 의사(意思)가 매우 흡족할 만하다.
78,0.8005238771438599,7,서경집전(상),49,385,386,以之審量而量多少면 則黃鍾之管에 其容子穀秬黍中者一千二百하여 以爲龠이니 而十龠爲合하고 十合爲升하고 十升爲斗하고 十斗爲斛이요,以之平衡而權輕重이면 則黃鍾之龠의 所容千二百黍는 其重十二銖니 兩龠則二十四銖爲兩하고 十六兩爲斤하고 三十斤爲鈞하고 四鈞爲石이니 此黃鍾所以爲萬事根本이니,"이것을 가지고 양(量)을 살펴 다소(多少)를 헤아리면 황종의 관에 곡식 중에 중간 크기인 검은 기장 1천2백 개가 들어가는바, 이것을 약(龠)이라 하니, 10약이 1합(合)이고 1","이것을 가지고 형(衡)을 고르게 하여 경중(輕重)을 저울질하면 황종의 약(龠)에 들어가는 1천 2백 개의 기장은 그 무게가 12수(銖)인바, 2약(龠)이면 24수(銖)이니 이것이 "
79,0.800503671169281,13,논어집주,758,2703,2704,緇布冠은 以三十升布爲之하니 升八十縷니 則其經二千四百縷矣라,細密難成하니 不如用絲之省約이라,"치포관(緇布冠)은 30새〔升〕의 베로 만드는데 1승(升)은 80올이니, 그 날실〔經〕이 2천 4백 올이 된다.","이는 세밀하여 만들기가 어려우니, 생사(生絲)를 사용하여 ˂수공(手工)이˃ 생략(省約)됨만 못하다."
80,0.8003922700881958,10,당시삼백수3,3,12,13,〈竹里館〉,王維,〈죽리관〉,왕유
81,0.8003191351890564,10,자치통감강목5,308,1879,1880,"麒麟閣, 在未央宮中, 武帝獲麒麟時, 作此閣, 圖畫其像於閣, 遂以爲名.",一說 “蕭何所造. ”,"기린각(麒麟閣)은 미앙궁(未央宮) 가운데 있으니, 무제(武帝)가 기린을 잡았을 적에 이 각(閣)을 지었는데, 기린의 모습을 각(閣)에 그리고 마침내 기린각으로 이름하였다.",일설에 “소하(蕭何)가 만든 것이다. ” 하였다.
82,0.8000335693359375,10,당송팔대가문초구양수3,527,2769,2770,六世之祖가,初留碭山이라,6세조가,처음 탕산현(碭山縣)에 머물다가
83,0.8000204563140869,10,자치통감강목5,434,2499,2500,◑罷孝文太后寢祠園하다,"孝文太后薄氏, 葬霸陵之南.","효문태후(孝文太后)의 침(寢)과 사당(祠堂), 원(園)을 없앴다.",효문태후(孝文太后) 박씨(薄氏)를 패릉(霸陵)의 남쪽에 장례하였다.
84,0.7998937964439392,10,당송팔대가문초구양수3,122,511,512,田焦之學은 廢於漢末하고 費氏獨興하야 遞傳至鄭康成이라,而王弼所注에 或用康成之說하니 是弼卽鄭本而爲注라,전씨(田氏)와 초씨(焦氏)의 학문은 한(漢)나라 말엽에 없어졌고 비씨(費氏)만이 흥성하여 여러 대를 전하여 정강성(鄭康成)에 이르렀다.,왕필이 주석한 부분에 정강성(鄭康成)의 설이 인용되기도 하였으니 왕필이 정강성(鄭康成)의 판본에 주석을 단 것이다.
85,0.7997906804084778,8,당송팔대가문초구양수3,233,1037,1038,金은 僞吳時貴將이라,與行密俱起合淝하니 號三十六英雄에 金其一也라,유금(劉金)은 위오(僞吳) 때의 높은 장수였다.,"양행밀(楊行密)과 함께 합비(合淝)에서 거병(擧兵)하였으니, 36명의 영웅이라 불리는 사람 중에 유금(劉金)이 한 사람이다."
86,0.7996810674667358,10,맹자집주,654,2260,2261,神農은 炎帝神禮氏니 始爲耒耜하여 敎民稼穡者也라,爲其言者는 史遷所謂農家者流也라,"신농(神農)은 염제신농씨(炎帝神農氏)이니, 처음으로 쟁기 자루와 보습을 만들어서 백성들에게 가색(稼穡)을 가르친 자이다.","그 말을 한다는 것은, 사천(史遷)의 이른바 ‘농가자류(農家者流)’라는 것이다."
87,0.7996553182601929,8,자치통감강목6,1114,2446,2447,"去胡來王, 婼羌國王號. 唐兜, 其王之名也.","去胡來者, 義取去胡而來降漢也.","거호래왕(去胡來王)은 강국왕(羌國王)의 칭호이고, 당두(唐兜)는 그 왕의 이름이다.",거호래(去胡來)는 오랑캐를 버리고 와서 한(漢)나라에 항복하였다는 뜻을 취한 것이다.
88,0.7996132969856262,9,예기집설대전1,431,1587,1588,二十五家가 爲里라.,巷歌는 歌於巷也라.,25가구가 1리(里)이다.,항가(巷歌)는 거리에서 노래하는 것이다.
89,0.7993218302726746,1,당송팔대가문초한유3,321,1737,1738,汝之書는 六月十七日也요 東野云 汝歿以六月二日이요,耿蘭之報는 無月日이라 蓋東野之使者는 不知問家人以月日이요 如耿蘭之報는 不知當言月日이라,"너의 편지에는 6월 17일로 쓰여 있고,  맹동야(孟東野)는 “네가 죽은 날이 6월 2일이다. ”라고 하였고, ","경란(耿蘭)의 통보에는 월‧일이 적혀 있지 않으니, 아마도 맹동야의 사자(使者)는 집안 사람에게 사망한 월‧일을 물어야 함을 몰랐던 듯하고, 경란(耿蘭)의 통보는 응당 월‧일을 말"
90,0.7991756200790405,11,당송팔대가문초한유1,185,1054,1055,與陳生書,韓公本色이라,진생(陳生)에게 준 편지,한공(韓公)의 본색(本色)이다.
91,0.7991005182266235,8,당송팔대가문초유종원2,250,1906,1907,制器足兵하여,潰玆蟻結이라,"무기를 제조하고 병사 충원해,",개미 무리 도적 떼 무너뜨렸네.
92,0.7990926504135132,12,자치통감강목4,212,1461,1462,時에 禁苑에 有白鹿하고 而少府에 多銀錫이어늘,乃以白鹿皮方尺으로 緣以藻繢하여 爲皮幣하니 直四十萬이라,이때 금원(禁苑)에 흰 사슴이 있었고 소부(少府)에 은(銀)과 주석이 많았다.,"이에 사방 1척(尺)이 되는 흰 사슴 가죽에 오색실로 가장자리를 수놓아 피폐(皮幣)를 만드니, 한 장에 값어치가 40만 전(錢)이었다."
93,0.7990151047706604,9,당송팔대가문초소식5,227,1015,1016,三槐堂銘,中多名言이라,삼괴당(三槐堂)에 대한 명(銘),글 가운데 명언(名言)이 많다.
94,0.7989111542701721,10,자치통감강목6,1153,2521,2522,"新息ㆍ召陵二縣, 屬汝南郡.","續漢志 “南陽郡新野縣, 有東鄕, 故新都, 王莽所封也.",신식(新息)과 소릉(召陵) 두 현(縣)은 여남군(汝南郡)에 속하였다.,"≪속한지(續漢志)≫에 “남양군(南陽郡) 신야현(新野縣)에 동향(東鄕)이 있으니, 옛 신도국(新都國)으로 왕망(王莽)을 봉한 곳이다."
95,0.7989083528518677,13,당송팔대가문초소철3,239,1299,1300,錢以千計者四千八百四十八萬이요 而其出之多者一百八十二萬이니이다,紬絹以匹計者一百五十一萬이요 而其出之多者十七萬이니이다,"전(錢)을 천(千)으로 계산한 것이 4, 848만 천이고, 지출의 초과분이 182만 천입니다.","주견(紬絹)을 계산한 것이 151만 필이고, 지출의 초과분이 17만 필입니다."
96,0.7986716628074646,3,자치통감강목7,664,2183,2184,臣이 竊見元帝輕殊死刑이 三十四事요 哀帝輕殊死刑이 八十一事로되,其四十二事는 手殺人者를 減死一等하니 自後로 著爲常準이라,"“신(臣)이 삼가 살펴보니, 원제(元帝)가 수사형(殊死刑)을 감형(減刑)한 것이 34건이고, 애제(哀帝)가 수사형(殊死刑)을 감형한 것이 81건입니다.","그중에 42건은 직접 사람을 죽인 것인데, 이를 사형에서 한 등급을 경감(輕減)하였으니, 이후로 이것이 명시되어 떳떳한 기준이 되었습니다."
97,0.7985926270484924,6,당송팔대가문초왕안석2,627,3215,3216,東門之行이 不幾日月이어늘,孰云于今에 萬世之別가,"그대와 동문(東門)에서 헤어진 후, 몇 날이 지나지 않았는데,",지금에 이르러 영영 이별하게 될 줄을 누가 알았으리오?
98,0.7983459830284119,6,당송팔대가문초유종원2,255,1963,1964,信也蕝之하니,有朱其紱하여,"조신(曹信)은 무덤 장소 띠풀로 묶어,","붉은색의 인끈이 발견되었고,"
99,0.7982127070426941,5,당송팔대가문초유종원2,54,280,281,永州龍興寺東北陬有堂하니 堂之地隆然負塼甓而起者,廣四步요 高一尺五寸이라,"영주(永州) 용흥사(龍興寺) 동북 모퉁이에 불당(佛堂)이 하나 있는데, 불당의 바닥이 불룩하게 벽돌을 업은 채로 일어나는 곳이 있다.",그 넓이는 4보(步)이고 높이는 한 자 다섯 치이다.
100,0.7981383204460144,4,당송팔대가문초유종원2,250,1914,1915,海無遘迕하고,寇罔踰越이라,"바다엔 일으키는 반란이 없고,",도적들도 경계선 넘지 않았네.
101,0.7980974316596985,5,자치통감강목6,1267,2761,2762,"莽造錯刀, 蓋身形如刀, 以黃金錯, 其文曰一刀直五千.","錯, 塗也.","왕망(王莽)이 착도(錯刀)를 만들었는데, 몸체가 칼과 비슷하고 황금을 칠하였으며 “일도직오천(一刀直五千)”이라는 문양이 새겨져 있었다.",착(錯)은 칠함이다.
102,0.7980921268463135,0,당송팔대가문초한유1,47,252,253,昔者에 黃帝在位百年이요 年百一十歲며 少昊在位八十年이요 年百歲며 顓頊在位七十九年이요 年九十八歲며,帝嚳在位七十年이요 年百五歲며 帝堯在位九十八年이요 年百一十八歲며 帝舜及禹年皆百歲니이다,"옛날에 황제(黃帝)는 재위(在位) 기간이 100년이고 수명이 110세였으며, 소호(少昊)는 재위기간이 80년이고 수명이 100세였으며, 전욱(顓頊)은 재위기간이 79년이고 수명이 ","제곡(帝嚳)은 재위기간이 70년이고 수명이 105세였으며, 제요(帝堯)는 재위기간이 98년이고 수명이 118세였으며, 제순(帝舜)과 우(禹)도 모두 수명이 100세였습니다."
103,0.7980371713638306,10,당송팔대가문초유종원2,245,1825,1826,覃季子墓誌銘,跌宕이라,담계자(覃季子)의 묘지명(墓誌銘),자유분방하다.
104,0.7979192733764648,10,예기집설대전2,26,117,118,孔子父墓在防이라,故奉母喪以合葬하시니라,공자(孔子)의 아버지 묘소가 방산(防山)에 있었다.,그러므로 어머니의 상(喪)을 받들어 합장(合葬)한 것이다.
105,0.79763263463974,6,당송팔대가문초소식5,74,272,273,元豐二年正月二十日에 與可歿於陳州하다,是歲七月七日에 予在湖州하야 曝書畫라가 見此竹하고 廢卷而哭失聲이라,원풍(元豐) 2년 정월 20일에 문여가(文與可)가 진주(陳州)에서 별세하였다.,"이해 7월 7일에 나는 호주(湖州)에서 서화를 햇볕에 말리다가 이 묵죽(墨竹)을 보고는, 그림책을 덮어놓고 목이 쉬도록 울었다."
106,0.7976184487342834,5,당송팔대가문초증공1,386,2183,2184,於是에 築環湖之隄하니 凡九千一百三十四丈이요 其廣一丈八尺이요 而其高는 八尺이니,廣倍於舊하고 而高倍於舊三之二이라,"그리하여 광덕호(廣德湖)를 둘러싼 제방을 건축하였는데 길이는 총 9, 134장(丈)이며 그 너비는 1장(丈) 8척(尺), 그 높이는 2척(尺)이었다.","너비는 이전보다 두 배나 되었고, 높이도 예전보다 두 배가 되는 곳이 전체의 3분의 2였다."
107,0.7975156903266907,12,당송팔대가문초증공1,371,2075,2076,自計材至於用工히 總爲日凡二千三百九十六日而落成焉하니라,夏希道太初는 此令之姓名字也며 慶曆七年十月二十三日은 此成之年月日也라,"건축 자재를 준비한 시기부터 노동력을 투입한 시기까지 총 2, 396일이 걸린 뒤에 준공되었다.","하희도(夏希道) 태초(太初)는 현령(縣令)의 성명(姓名)과 자(字)이며, 경력(慶曆) 7년 10월 23일은 준공된 연월일이다."
108,0.7975012063980103,5,당송팔대가문초증공1,396,2252,2253,王遵巖曰,二堂及此記 皆絶佳하니라,왕준암(王遵巖)이 말하였다.,“〈제주이당기(齊州二堂記)〉와 이 〈양주의성현장거기(襄州宜城縣長渠記)〉가 모두 매우 훌륭하다. ”
109,0.7974859476089478,7,서경집전(상),22,146,147,故로 日行이 一日亦繞地一周로되 而在天에 爲不及一度라,積三百六十五日九百四十分日之二百三十五而與天會하니 是一歲日行之數也라,그러므로 해의 운행은 하루에 또한 땅을 한 바퀴 돌되 하늘에 있어 1도를 미치지 못하게 된다.,"365일과 940분의 235일을 쌓아 하늘과 만나니, 이는 1년 동안 해가 운행하는 수이다."
110,0.7974103689193726,5,당송팔대가문초한유3,158,938,939,墓在河南緱氏縣梁國之原이라,其年月日은 元和二年二月十日云이라,무덤은 하남(河南) 구지현(緱氏縣) 양국원(梁國原)에 있다.,합장(合葬)한 일시는 원화(元和) 2년(807) 2월 10일이라 한다.
111,0.797343909740448,9,자치통감강목2,479,3110,3111,秋七月에 有星孛于大角하다,"孛, 步內‧蒲沒二切, 彗類.",가을 7월에 패성(孛星)이 대각(大角)에 있었다.,"패(孛)는 보내(步內)의 절(切)과 포몰(蒲沒)의 절(切)이니, 혜성의 종류이다."
112,0.7973129749298096,10,자치통감강목5,247,1522,1523,"薄胥堂, 握衍朐鞮單于從兄.","呼揭, 西方匈奴.",박서당(薄胥堂)은 악연구제선우(握衍朐鞮單于)의 종형(從兄)이다.,호게(呼揭)는 서쪽 지방에 있는 흉노(匈奴)이다.
113,0.7972901463508606,5,자치통감강목4,357,2296,2297,甘泉房中에 産芝九莖이어늘 赦하다,"時, 芝産於甘泉齋房, 九莖連葉.",감천(甘泉)의 재계하는 방에 아홉 줄기의 잎이 이어진 지초(芝草)가 나왔으므로 사면(赦免)하였다.,"이때 지초(芝草)가 감천(甘泉)의 재계하는 방에서 나왔는데, 아홉 줄기의 잎이 이어져 있었다."
114,0.7971424460411072,14,자치통감강목7,782,2506,2507,戊申年(A. D. 48),二十四年이라,무신년(戊申年)(A. D. 48),한(漢)나라 세조(世祖) 광무황제(光武皇帝) 건무(建武) 24년이다.
115,0.7968366742134094,7,시경집전(하),256,557,558,故로 日一歲而一周天하고 月二十九日有奇而一周天하며 又逐及於日而與之會하니 一歲에 凡十二會라,方會則月光都盡而爲晦하고 已會則月光復蘇而爲朔하며 朔後晦前各十五日에 日月相對하면 則月光正滿而爲望이라,"그러므로 해는 1년에 하늘을 한 바퀴 돌고, 달은 29일하고 기(奇)에 하늘을 한 바퀴 돌며, 또 해를 따라잡아 해와 만나니, 1년에 모두 12차례를 만난다.","해와 달이 만나게 되면 월광(月光)이 모두 다하여 그믐이 되고, 이미 만나고 나면 월광(月光)이 다시 소생하여 초하루가 되며, 초하루 뒤와 그믐 전의 각각 15일에 해와 달이 서로"
116,0.7965561151504517,10,당시삼백수1,142,1032,1033,其後作者相繼 如王摩詰韓退之劉禹鍚 本朝王介甫 皆有歌詩 爭出新意 各相雄長,桃源詩 唐宋以來 作桃源行最傳者 王摩詰韓退之王介甫三篇,"그 후의 작자들이 계속 이어져, 왕마힐(王摩詰)(왕유(王維)), 한퇴지(韓退之)(한유(韓愈)), 유우석(劉禹錫), 본조(本朝)(송대(宋代))의 왕개보(王介甫)(왕안석(王安石))가 ","〈도원시(桃源詩)〉 당송이래로 도원행(桃源行)을 지어서 가장 널리 알려진 것은 왕마힐, 한퇴지, 왕개보가 지은 세 편이다."
117,0.7965312004089355,5,당시삼백수3,64,563,564,李廣射虎事 僅言射石沒羽 記載未詳,夫弓力雖勁 以石質之堅 沒鏃已屬難能 而況沒羽,"이광이 호랑이를 쏜 일은, 다만 바위를 쏘아서 화살 깃까지 푹 처박혔다는 것을 말했을 뿐 기재된 것이 자세하지 않다.","활을 당기는 힘이 아무리 강하다 하더라도 바위의 단단한 성질을 생각한다면, 화살촉이 박히는 것도 이미 불가능한 일일 터인데 하물며 화살 깃까지 박힘에 있어서랴."
118,0.7963008880615234,12,당송팔대가문초구양수1,213,1606,1607,蓋初建五寨之時에 本不如此라,寨兵各有定數하니 建寧置一千五百人하고 其餘四寨는 各止三百至五百이러니,처음 5채를 세울 때에는 본래 이렇지는 않았습니다.,"채(寨)의 병사는 각각 정해진 수가 있었으니, 건녕(建寧)에는 1천5백 명을 두었고 그 나머지 네 채(寨)에는 각각 3백 내지 5백 명에 그쳤습니다."
119,0.7962968945503235,9,서경집전(하),401,1614,1615,胐는 孟康曰 月出也니 三日明生之名이라하니라,戊申은 三月五日也라,"비(胐)는 맹강(孟康)이 말하기를 “달이 나오는 것이니, 초사흘에 밝은 달이 나옴을 이름함이다.” 하였다.",무신일(戊申日)은 3월 5일이다.
120,0.7962297797203064,9,당송팔대가문초소철3,239,1298,1299,銀以兩計者五萬七千이요 而其出之多者六萬이니이다,錢以千計者四千八百四十八萬이요 而其出之多者一百八十二萬이니이다,"은(銀)을 양(兩)으로 계산한 것이 5만 7천 냥이고, 지출의 초과분이 6만 냥입니다.","전(錢)을 천(千)으로 계산한 것이 4, 848만 천이고, 지출의 초과분이 182만 천입니다."
121,0.7962105870246887,9,시경집전(상),74,252,253,比也라,螽斯는 蝗屬이니 長而靑하고 長角長股하니 能以股相切作聲하며 一生九十九子라,비(比)이다.,"종사(螽斯)는 메뚜기의 등속이니, 길고 푸르며 촉각이 길고 다리가 긴데, 다리를 서로 비벼서 소리를 내며, 한 번에 99마리의 새끼를 낳는다."
122,0.796140193939209,13,자치통감강목6,1347,2927,2928,"剛卯, 以正月卯日作, 佩之, 長三寸, 廣一寸, 四方或用玉, 或用金, 或用桃, 著革帶佩之.","金刀, 莽所鑄之錢也.","강묘(剛卯)는 정월(正月) 묘일(卯日)에 만들어서 몸에 차니, 길이가 3촌(寸)이고 너비가 1촌(寸)이며, 사방에 옥(玉)을 사용하거나 혹은 금(金)을 사용하거나 혹은 복숭아나무를",금도(金刀)는 왕망(王莽)이 주조한 돈이다.
123,0.7959086894989014,14,자치통감강목5,104,584,585,元康元年이라,春正月에 初作杜陵하다,한(漢)나라 중종(中宗) 효선황제(孝宣皇帝) 원강(元康) 원년이다.,봄 정월에 처음으로 황제의 수릉(壽陵)(예비 능)인 두릉(杜陵)을 만들었다.
124,0.7957982420921326,10,자치통감강목6,1168,2551,2552,"史篇文字, 周宣王太史史籀所作大篆書也.","籀, 直救切.",사편(史篇)의 문자(文字)는 주(周)나라 선왕(宣王)의 태사(太史)인 사주(史籀)가 만든 대전(大篆)의 글자이다.,주(籀)는 직구(直救)의 절(切)이다.
125,0.7957252264022827,5,자치통감강목4,595,3533,3534,"以椒和泥塗壁, 取其溫煖而芳, 辟除惡氛.",一說 “取繁衍多子之義. ”,"천초(川椒)를 진흙과 섞어 벽에 바르니, 이는 따뜻하고 향기로워서 나쁜 냄새를 제거하는 뜻을 취한 것이다.","일설에 “천초(川椒)는 번성하니, 자식을 많이 두라는 뜻을 취한 것이다. ” 하였다."
126,0.7957100868225098,9,자치통감강목6,1431,3113,3114,"小錢, 徑六分, 重一銖, 文曰 “小錢直一. ”","大錢, 徑寸二分, 重十二銖, 文曰 “大錢五十. ”","소전(小錢)은 지름이 6분(分)에 무게가 1수(銖)인데, 전문(錢文)에 “소전(小錢)은 값어치가 1전(錢)이다. ”라고 쓰여 있었다. ","대전(大錢)은 지름이 1촌(寸) 2분(分)이고 무게가 12수(銖)인데, 전문(錢文)에 “대전(大錢)은 값어치가 50전(錢)이다. ”라고 쓰여 있었다. "
127,0.7953802347183228,13,예기집설대전2,695,2352,2353,言壬午則正祭辛巳日也라,萬舞는 執干以舞也요 籥舞는 吹籥以舞也니 萬入去籥者는 言此繹祭時에 以仲遂之卒로 但用無聲之干舞以入하고 去有聲之籥舞而不用也라,"임오일(壬午日)이라고 말하였으니, 정시의 제사는 신사일(辛巳日)이다.","만무(萬舞)는 방패를 가지고 추는 춤이고, 약무(籥舞)는 피리를 불면서 추는 춤이니, ‘만무(萬舞)만을 추게 하고 약무(籥舞)는 버리고 쓰지 않았다. ’는 것은 이번 역제(繹祭)를"
128,0.795229434967041,11,당송팔대가문초증공1,476,2668,2669,今是殿之費는 十萬不已요 必百萬也며 百萬不已요 必千萬也며 或累累而千萬之不可知也라,其費如是廣이어늘 欲勿記其日時면 其得邪아,"지금 이 아호원(鵝湖院) 불전(佛殿)을 짓는 데에 들어간 비용은 십만 금에 그치지 않고 필시 백만 금일 수도 있을 것이고, 백만 금에 그치지 않고 필시 천만 금일 수도 있을 것이며",이 비용이 이와 같이 많은데 그 건축한 일시를 기록하지 않고 그만두려고 하면 되겠는가.
129,0.7951900959014893,9,시경집전(상),742,1718,1719,故로 謂之營室이라,楚宮은 楚丘之宮也라,그러므로 영실성(營室星)이라 이른다.,초궁(楚宮)은 초구(楚丘)의 궁궐이다.
130,0.7951894402503967,10,자치통감강목4,501,3011,3012,"陽石公主, 帝女也.","班志 “陽石縣, 屬北海郡. ”",양석공주(陽石公主)는 황제의 딸이다.,≪한서(漢書)≫ 〈지리지(地理志)〉에 “양석현(陽石縣)은 북해군(北海郡)에 속하였다. ” 하였다.
131,0.7949218153953552,13,당송팔대가문초증공1,362,2012,2013,其成也에,積屋之區若干이요 而門序正位와 講藝之堂과 栖士之舍皆足하고,학교가 준공된 뒤에 그 규모를 살펴보니 다음과 같았다. ,"건물이 들어선 면적은 약간의 넓이인데, 그 안에 대문, 좌우 행랑채, 정전(正殿)과# 강당 및 학생 기숙사가 전부 갖추어졌다."
132,0.7949071526527405,1,당송팔대가문초한유1,197,1132,1133,與崔群書,大較昌黎與崔群 相知深이라,최군(崔群)에게 준 편지,대체로 창려(昌黎)와 최군(崔群)은 서로 마음을 깊이 아는 벗이었다.
133,0.7948977947235107,10,자치통감강목4,280,1896,1897,"恩澤侯表 “樂通侯, 食邑於安定郡高平縣. ”","公主, 衛太子姊也.",≪은택후표(恩澤侯表)≫에 “낙통후(樂通侯)는 안정군(安定郡) 고평현(高平縣)을 식읍(食邑)으로 하였다. ” 하였다.,공주(公主)는 위태자(衛太子)(여태자(戾太子))의 누이이다.
134,0.7948750853538513,7,당송팔대가문초소순1,325,2056,2057,六畜은 其初엔 皆獸也라,彼虎豹能搏能噬하고 而馬亦能蹄하고 牛亦能觸하니라,여섯 종의 가축은 그 처음에는 모두가 야생동물이었다.,"저 호랑이와 표범은 덮치고 물어뜯는 데 능하고, 말은 또 말굽으로 뒷발질하는 데 능하며, 소는 또 뿔로 들이박는 데 능하다."
135,0.7946311235427856,5,당송팔대가문초유종원2,172,1071,1072,先生曰,猗氏之鹽은 晉寶之大也라,유선생(柳先生)이 말하였다.,“의씨(猗氏) 지방 소금은 진(晉)의 보배 중에 큰 보배입니다.
136,0.7944291234016418,0,자치통감강목7,509,1567,1568,高平范氏曰,非光武면 不能遂子陵之高요 非子陵이면 不能成光武之大也니라,고평(高平) 범씨(范氏)(범중엄(范仲淹))가 다음과 같이 평하였다.,"“광무제(光武帝)가 아니면 자릉(子陵)(엄광(嚴光))의 높은 지조를 이루지 못했을 것이요, 자릉이 아니면 광무제의 큰 도량을 이루지 못했을 것이다. ”"
137,0.7944070100784302,7,서경집전(상),43,322,323,北極은 出地上三十六度요 南極은 入地下亦三十六度而嵩高正當天之中이라,極南五十五度當嵩高之上하고 又其南十二度爲夏至之日道요 又其南二十四度爲春秋分之日度요 又其南二十四度爲冬至之日道니,북극(北極)은 지상으로 나온 것이 36도이고 남극(南極)은 지하로 들어간 것이 또한 36도인데 높은 곳이 바로 하늘의 중앙에 해당한다.,"극남(極南)의 55도가 가장 높은 곳에 해당하고 또 그 남쪽 12도는 하지의 일도(日道)가 되고 또 그 남쪽 24도는 춘분과 추분의 일도(日道)가 되며, 또 그 남쪽 24도는 동지"
138,0.7943043112754822,14,자치통감강목6,280,598,599,元延元年이라,春正月朔에 日食하다,한(漢)나라 효성황제(孝成皇帝) 원연(元延) 원년이다.,봄 정월 초하루에 일식이 있었다.
139,0.7942272424697876,14,서경집전(하),507,1986,1987,戊辰은 十二月之戊辰日也라,是日에 成王在洛하여 擧烝祭之禮라,무진(戊辰)은 12월의 무진일(戊辰日)이다.,이 날에 성왕(成王)이 낙읍(洛邑)에 있으면서 증제(烝祭)의 예(禮)를 거행하였다.
140,0.7942020893096924,6,당송팔대가문초소식5,144,595,596,且死에 自誓於佛호되 願持律終身하고 且造千手眼觀世音像하야 而誦其名을 千萬遍이러니,病已而力不給이어늘 則縮衣節口三十餘年에 銖積寸累하야 以迄于成하니 其高九仞이라,"그는 거의 죽게 되자, 스스로 부처님에게 맹세하기를 죽을 때까지 율법을 지키고 또 천수천안(千手千眼)의 관세음상(觀世音像)을 만들어서 천만 번 그 이름을 외울 것을 원하였다.","그런데 병이 나았으나 재력이 부족하자, 입는 옷과 먹는 것을 30여 년 동안 절약하여 한 푼을 모으고 한 치를 쌓아서 관음상(觀音像)을 완성하니, 그 높이가 아홉 길이었다."
141,0.794180691242218,8,맹자집주,1258,4299,4300,萬章問曰,或曰 百里奚自鬻於秦養牲者하여 五羊之皮로 食牛하여 以要秦穆公이라하니 信乎잇가,만장(萬章)이 물었다.,“혹자(或者)가 이르기를 ‘백리해(百里奚)가 스스로 진(秦)나라의 희생을 기르는 자에게 팔려가서 다섯 마리 양의 가죽을 받기로 하고 소를 먹여 진(秦)나라 목공(穆公)에게 등용되기
142,0.7941257953643799,5,서경집전(하),401,1615,1616,戊申은 三月五日也라,卜宅者는 用龜하여 卜宅都之地니 旣得吉卜일새 則經營規度其城郭宗廟郊社朝市之位라,무신일(戊申日)은 3월 5일이다.,"복택(卜宅)은 거북을 사용하여 도읍(都邑)할 땅을 점치는 것이니, 이미 길(吉)한 점괘를 얻었으므로 그 성곽(城郭)과 종묘(宗廟), 교사(郊社)와 조시(朝市)의 위치를 경영(經營)"
143,0.7940155863761902,2,당송팔대가문초유종원2,228,1649,1650,臣之具未及施에 見大鯨驅群蛟逐肥魚於渤澥之尾하니,震動大海하고 簸掉巨島하여 一啜而食若舟者數十이라,그런데 신이 고래를 잡을 도구를 미처 설치하기 전에 큰 고래가 상어 떼를 몰아 발해(渤澥)의 해안에서 살진 고기를 뒤쫓는 광경을 목격하였습니다.,큰 고래가 바다를 진동시키고 큰 섬을 흔들어대면서 배만큼 큰 고기 수십 마리를 한입에 삼켰습니다.
144,0.7935965657234192,6,당송팔대가문초구양수3,271,1192,1193,醉翁亭記,文中之畫라,취옹정(醉翁亭)에 대한 기문(記文),글 가운데 그림이다.
145,0.7935487627983093,12,자치통감강목4,394,2450,2451,六年이라,春에 作首山宮하다,한(漢)나라 세종(世宗) 효무황제(孝武皇帝) 원봉(元封) 6년이다.,봄에 수산궁(首山宮)을 지었다.
146,0.7934743165969849,13,당송팔대가문초유종원2,255,1970,1971,靈其鼓舞하여,從而父祖하니,"무덤 속의 영령이 기뻐 춤추며,","부친 조부 곁으로 돌아갔으니,"
147,0.7934607267379761,5,당송팔대가문초증공1,338,1843,1844,其竹木之費 凡九十二萬有三千이요,計越之戶二十萬有六千이니 賦之而復其租하면 其勢易足이니,"그 공사에 들어가는 대나무와 목재의 비용이 총 92만 3, 000문(文)이다.","월주(越州)의 호수(戶數)를 계산하면 20만 6, 000호(戶)인데, 그들에게 이 비용을 부과하는 대신 그들의 토지세(土地稅)를 면제해준다면, 사세(事勢)로 보아 비용을 마련하기 "
148,0.7934170365333557,10,당시삼백수3,46,404,405,何滿子者曲名 白樂天云 滄州人 姓何名滿,開元中犯罪 繫獄中撰此曲,"하만자는 곡의 명칭인데, 백낙천(白樂天)은 말하기를 “창주(滄州) 사람인데, 성은 하(河)요, 이름은 만(滿)이다.",개원(開元) 연간에 죄를 범하여 옥중에 갇혀 있으면서 이 곡을 지었다.
149,0.7933977842330933,2,당시삼백수2,135,807,808,〈孤雁〉,崔塗,〈외로운 기러기〉,최도
150,0.7933939099311829,13,자치통감강목3,417,2556,2557,六月에 未央宮東闕罘罳災하다,"罘, 音浮. 罳, 音思.",6월에 미앙궁(未央宮)의 동쪽 대궐인 부시(罘罳)(부사)에 화재가 발생하였다.,부(罘)는 음이 부(浮)이고 사(罳)는 음이 사(思)이다.
151,0.7933626174926758,13,맹자집주,199,763,764,九一者는 井田之制也라,方一里爲一井이니 其田九百畝라,구일(九一)이란 정전(井田)의 제도이다.,"방(方) 1리(里)가 1정(井)이 되니, 그 토지는 9백묘(百畝)이다."
152,0.7933300733566284,10,자치통감강목5,577,3327,3328,"興, 夜郞王名也.","鉤町, 音劬挺, 西南夷種, 後置縣, 屬牂柯.",흥(興)은 야랑왕(夜郞王)의 이름이다.,"구정(鉤町)은 음이 구정(劬挺)이니, 서남쪽에 있는 오랑캐의 종족으로, 뒤에 이곳에 현(縣)을 설치하여 장가군(牂柯郡)에 소속시켰다."
153,0.7932762503623962,13,시경집전(하),1245,2687,2688,蘇氏曰,鶖鶴은 皆以魚爲食이라,소씨(蘇氏)가 말하였다.,“두루미와 학은 모두 고기를 먹이로 한다.
154,0.7931291460990906,14,예기집설대전2,760,2589,2590,先人之室은 宗廟也라,魯成公三年에 焚宣公之廟하니 神主初入이라 故曰新宮이라,‘선인지실(先人之室)’은 종묘(宗廟)이다.,노(魯)나라 성공(成公) 3년에 선공(宣公)의 사당에 불이 났는데 신주(神主)가 처음 사당으로 들어갔기 때문에 ‘새로 지은 사당新宮’이라고 한 것이다.
155,0.7931280732154846,14,자치통감강목3,661,3795,3796,帝崩하다,壽四十八.,황제가 붕(崩)하였다.,향년(享年)이 48세였다.
156,0.7930061221122742,13,당송팔대가문초소철3,239,1302,1303,草以束計者七百九十九萬이요 而其出之多者八百一十一萬이니이다,然則一歲之入이 不足以供夫一歲之出矣니이다,"초(草)를 속(束)으로 계산한 것이 799만 속이고, 지출의 초과분이 811만 속입니다.",그렇다면 1년의 수입이 1년의 지출을 공급하기에 부족합니다.
157,0.7928611636161804,10,자치통감강목2,61,418,419,"單于, 匈奴天子之號也.","單于者, 廣大之貌, 言其象天單于然也.",선우(單于)는 흉노 천자의 호칭이다.,"선우는 광대한 모양이니, 하늘의 광대한 모양을 본뜬 것임을 말한다."
158,0.7928430438041687,12,당송팔대가문초구양수3,408,2005,2006,資政殿學士戶部侍郞文正范公神道碑銘,明法이라,자정전학사 호부시랑 문정 범공의 신도비명,분명하고 법도가 있다.
159,0.7927178740501404,5,당송팔대가문초한유3,311,1665,1666,避風太湖하야 七日鹿角이라,鉤登大鮎하니 怒頰豕豞라,태호(太湖)에서 바람을 피해 녹각주(鹿角洲)에서 7일을 머물렀지요. ,거대한 메기를 낚아 올리니 아가미 벌렁거리며 돼지 우는 소리 냈지요.
160,0.7925204634666443,14,자치통감강목7,807,2624,2625,庚戌年(A. D. 50),二十六年이라,경술년(庚戌年)(A. D. 50),한(漢)나라 세조(世祖) 광무황제(光武皇帝) 건무(建武) 26년이다.
161,0.792509138584137,9,당송팔대가문초소식5,136,544,545,菩薩千手目은,與一手目同이라,그런데 보살(菩薩)의 천 개의 손과 천 개의 눈은,한 개의 손과 한 개의 눈과 똑같다.
162,0.7924965023994446,12,당송팔대가문초구양수6,309,2275,2276,乾德二年에 始用鐵錢하니 民間多藏匿舊錢하야 舊錢益少라,商賈多以十鐵錢易一銅錢出境이로되 官不可禁일새 煜因下令以一當十하다,건덕(乾德) 2년(964)에 처음으로 철전(鐵錢)을 사용하니 민간(民間)에서 구전(舊錢)을 감춰두는 경우가 많아 구전이 더욱 희소(稀少)해졌다.,상인들이 철전 열 개를 동전(銅錢) 한 개와 바꿔 가지고 출경(出境)하는 일이 많았는데도 관부(官府)에서 금하지 못하였기에 이욱이 이에 영을 내려 동전 한 개가 철전 열 개에 해당
163,0.792493999004364,10,당송팔대가문초유종원1,179,1658,1659,序次摹寫 井井入構라,裴封叔之第 在光德里러니,차례대로 묘사하여 조리가 정연함으로써 법도에 들어맞는다.,배봉숙(裴封叔)의 집이 광덕리(光德里)에 있었다.
164,0.7921605706214905,13,당송팔대가문초한유1,104,577,578,是則三日食鹽一斤이요 一月率當十斤이니이다,新法實價가 與舊每斤不校三四錢以下니 通計五口之家하야 以平叔所約之法計之면 賤於舊價나 日校一錢이요 月校三十이니 不滿五口之家는 所校更少이니이다,"그렇다면 사흘에 소금 한 근(斤)이 필요하고, 한 달이면 대체로 열 근이 필요합니다.","신법(新法)에 정한 실가(實價)가 옛 가격에 비해 한 근에 3, 4전 이하밖에 차이가 나지 않으니, 다섯 식구를 한 집으로 계산하여 장평숙이 약정(約定)한 법으로 계산해보면 옛날의"
165,0.7921192646026611,12,당송팔대가문초한유3,197,1107,1108,年四十八에 長慶三年正月五日卒하니라,其月二十六日에 穿其妻墓而合葬之하니 在某縣某地하니라,나이 48세인 장경(長慶) 3년(823) 정월 5일에 졸(卒)하였다.,"그달 26일에 그 아내의 무덤을 열고서 합장하였는데, 묘지(墓地)는 아무 현(縣) 아무 땅에 있다."
166,0.7920349836349487,9,예기집설대전1,542,1983,1984,"乘車之輪은 高가 六尺六寸이니, 徑一에 圍三이라. 得一丈九尺八寸이니",五規는 爲九十九尺이라.,승거(乘車)의 바퀴는 높이가 6척(尺) 6촌(寸)이고 둘레는 지름의 세 배이므로 1장(丈) 9척 8촌이 된다.,따라서 5규는 99척이 된다.
167,0.7920124530792236,12,당송팔대가문초소순1,394,2513,2514,曰 彭州龍興寺僧平潤이 講圓覺經有奇일새 因以名院이라,院始弊不葺이러니 潤之來에 始得隙地以作堂宇하고 凡更二僧하여 而至於保聰이라, 팽주(彭州) 용흥사(龍興寺)의 승려인 평륜(平潤)이 ≪원각경(圓覺經)≫ 강론에 뛰어났기 때문에 원각원(圓覺院)이라는 이름을 짓게 되었다.,"원각원(圓覺院)이 처음에는 허물어져 지붕도 이지 못하였는데 평륜(平潤)이 와서 비로소 빈터를 얻어 당우(堂宇)를 지었고, 두 승려를 거쳐 보총(保聰)에 이르렀다."
168,0.7918573021888733,12,당송팔대가문초증공1,27,219,220,景德은 戶七百三十萬에 墾田一百七十萬頃이요 皇祐는 戶一千九十萬에 墾田二百二十五萬頃이요 治平은 戶一千二百九十萬에 墾田四百三十萬頃이니이다,天下歲入은 皇祐治平은 皆一億萬以上이요 歲費亦一億萬以上이니이다,"경덕(景德) 때 가구 수는 730만 호(戶)이고 경작 토지는 170만 경(頃)이며, 황우(皇祐) 때 가구 수는 1, 090만 호(戶)이고 경작 토지는 225만 경(頃)이며, 치평(",국가의 세입은 황우(皇祐)․치평(治平) 때 모두 1억만 이상이고 세출 또한 1억만 이상이었습니다.
169,0.7916801571846008,10,당송팔대가문초왕안석2,535,2817,2818,在句之陰에 有幽新宅하니,誰筮葬母하고 瘞銘斯石고,"구계(句溪)의 남쪽 언덕에, 새로 조성한 유택(幽宅)이 있으니,","누가 어머니 장지(葬地)를 정하고, 돌에 명(銘)을 새겨 묻었나?"
170,0.7915585041046143,10,당송팔대가문초소식5,336,1415,1416,今於海南에 得此十八羅漢像하야 以授子由弟하야 使以時修敬하고 遇夫婦生日이면 輒設供하야 以祈年集福하고 幷以前所作頌寄之하노라,子由는 以二月二十日生이며 其婦德陽郡夫人史氏는 以十一月十七日生이라,지금 해남(海南)에서 이 십팔나한상(十八羅漢像)을 얻어 아우 자유(子由)(소철(蘇轍))에게 주어서 때때로 공경(恭敬)하는 예(禮)를 닦고 부부(夫婦)의 생일을 만나면 그때마다 공양,"자유(子由)는 2월 20일에 출생하였고, 부인 덕양군부인(德陽郡夫人) 사씨(史氏)는 11월 17일에 출생하였다."
171,0.7914824485778809,13,당송팔대가문초한유3,198,1111,1112,比四年하니 病益急하야 乃死하니라,其法은 以鉛滿一鼎하고 按中爲空하야 實以水銀하고 蓋封四際하야 燒爲丹砂云이라,그런데도 4년 동안 계속 복용하니 병이 더욱 위급해져서 마침내 죽고 말았다.,"단약을 제조하는 방법은 연(鉛)(납)을 도가니에 가득 채운 다음 손으로 꾹꾹 눌러 중앙에 공간을 만들어 수은(水銀)을 가득 채우고서, 뚜껑을 닫고 사면을 밀봉(密封)하여 불로 달구"
172,0.7912895083427429,7,맹자집주,83,298,299,七八月之間에 旱이면 則苗槁矣라가 天油然作雲하여 沛然下雨면 則苗浡然興之矣나니,其如是면 孰能禦之리오,"7, 8월 사이에 날씨가 가물면 벼싹이 마르다가 하늘이 유연(油然)히 구름을 일으켜 패연(沛然)히 비를 내리면 벼싹이 발연(浡然)히 일어납니다.",그 이와 같으면 누가 이것을 막겠습니까?
173,0.7912779450416565,14,당송팔대가문초구양수5,27,180,181,二年二月에 遣蔣玄暉하야 殺德王裕等九王于九曲池하다,六月에 殺司空裴贄等百餘人하다,천우(天祐) 2년(905) 2월에 장현휘(蔣玄暉)를 보내 덕왕(德王) 이유(李裕) 등 아홉 명의 왕을 구곡지(九曲池)에서 죽였다.,6월에 사공(司空) 배지(裴贄) 등 100여 명을 죽였다.
174,0.7910187244415283,9,논어집주,758,2700,2701,麻冕은 緇布冠也라,純은 絲也라,마면(麻冕)은 검정 베로 만든 치포관(緇布冠)이다.,순(純)은 실〔絲〕이다.
175,0.790938675403595,9,자치통감강목6,48,107,108,"披香, 殿名. 披香博士, 後宮女職也.","淖, 姓也.","피향(披香)은 궁전의 이름이니, 피향박사(披香博士)는 후궁의 여관직(女官職)이다.",요(淖)은 성(姓)이다.
176,0.7908843159675598,12,자치통감강목4,64,395,396,蓬萊仙者를 可見이니 見之以封禪則不死라하다,於是에 天子始親祠竈하고 遣方士入海하여 求蓬萊安期生之屬하고 而事化丹砂諸藥하여 齊爲黃金이러라,"봉래산(蓬萊山)의 신선을 만나볼 수 있는데, 신선을 보고 봉선(封禪)을 하면 죽지 않을 것입니다. ” 하였다.","이에 천자가 처음으로 직접 부뚜막신에게 제사 지내고, 방사(方士)를 보내 바다로 들어가서 봉래산(蓬萊山)에 사는 안기생(安期生)의 무리를 찾게 하였으며, 단사(丹砂)와 여러 약물을"
177,0.7907227277755737,13,당송팔대가문초구양수6,133,942,943,米斗直(치)錢七千하야 至燒人屎煮尸而食이라 父自食其子에 人有爭其肉者면 曰 此吾子也니 汝安得而食之오하다,人肉斤直錢百하고 狗肉斤直錢五百하니 父甘食其子하고 而人肉賤於狗하다,"쌀 한 말의 가격이 7, 000전(錢)이나 되어 인분을 태워 시신을 삶아 먹는 지경에 이르렀는데, 아비가 스스로 그 자식을 잡아먹다가 타인이 그 고기를 뺏으려 하면 “이는 나의 자","인육은 한 근의 가격이 100전이고 개고기는 한 근의 가격이 500전이니, 아비가 자기 자식을 달게 먹었고 인육이 개고기 보다 가격이 낮았다."
178,0.7906246185302734,13,자치통감강목4,679,4055,4056,"宗廟樂, 有文德·昭德·文始·五行之舞·嘉至·求至·登歌·休成之樂·房中祠樂·安世樂·昭容樂·禮容樂, 其員, 八百二十九人.","蒙, 宮人名.","종묘악(宗廟樂)은 문덕(文德), 소덕(昭德), 문시(文始), 오행지무(五行之舞), 가지(嘉至), 구지(求至), 등가(登歌), 휴성지악(休成之樂), 방중사악(房中祠樂), 안세악(安世",몽(蒙)은 궁녀의 이름이다.
179,0.7905371785163879,11,당송팔대가문초소식3,117,510,511,霍光論,光은 總只是一箇凝重이라,곽광(霍光)에 대한 논(論),곽광(霍光)은 요컨대 다만 하나의 진중(鎭重)한 사람이었다.
180,0.7905200719833374,6,춘추좌씨전2,723,2254,2255,秋七月에 大室之屋壞하다,書는 不共也라,가을 7월에 태실(太室)의 지붕이 무너졌다.,경(經)에 이를 기록한 것은 불공(不共)(공(恭))을 꾸짖은 것이다.
181,0.790463924407959,10,자치통감강목5,122,671,672,"萬年, 莎車王名.","揚言, 謂宣揚其言於外也.",만년(萬年)은 사차왕(莎車王)의 이름이다.,“양언(揚言)”은 이 말을 밖에 널리 알림을 이른다.
182,0.7904185652732849,13,자치통감강목4,207,1425,1426,"五大夫, 舊爵二十等之第九級也.","漢法至此, 始免徭役.",오대부(五大夫)는 옛날 작위(爵位)로 20등 가운데 제9급이다.,한(漢)나라 법에 이 오대부(五大夫)에 이르러야 비로소 요역(徭役)이 면제되었다.
183,0.790398120880127,12,당송팔대가문초한유2,396,2033,2034,建中二年에 城汴州에 功勞居多하니라,三年에 從攻李希烈에 先登하니라,덕종(德宗) 건중(建中) 2년(781)에 변주성(汴州城) 축조(築造)에 공로가 많았다.,3년에 융수(戎帥)를 따라 이희열(李希烈)을 공격할 때에 먼저 성루(城樓)에 올라갔다.
184,0.7903611660003662,14,자치통감강목7,751,2433,2434,乙巳年(A. D. 45),二十一年이라,을사년(乙巳年)(A. D. 45),한(漢)나라 세조(世祖) 광무황제(光武皇帝) 건무(建武) 21년이다.
185,0.7902006506919861,10,주역전의(상),47,240,241,右伏羲四圖는 其說이 皆出於邵氏하니 蓋邵氏는 得之李之才挺之하고 挺之는 得之穆脩伯長하고 伯長은 得之華山希夷先生陳摶圖南者하니,所謂先天之學也라,"이상 복희(伏羲)의 네 도(圖)는 그 학설(學說)이 모두 소씨(邵氏)에게서 나왔으니, 소씨(邵氏)는 이지재(李之才) 정지(挺之)에게서 얻었고 정지(挺之)는 목수(穆脩) 백장(伯長)",이른바 선천학(先天學)이라는 것이다.
186,0.7901628017425537,12,당송팔대가문초왕안석2,316,1682,1683,年三十三의 以治平元年十二月庚申에 卒하다,妻尹氏니 生男女四人호되 皆前死하다,나이 33세 되던 해인 치평(治平) 원년(元年) 12월 경신일(庚申日)에 졸(卒)하였다.,부인(夫人)은 윤씨(尹氏)이고 아들과 딸 4인을 낳았으나 모두 일찍 사망하였다.
187,0.7899659276008606,10,춘추좌씨전5,320,1667,1668,召而見之하니 則所夢也라,未問其名하고 號之曰牛야하니 曰 唯라,"목자(穆子)가 그 아이를 불러 보니, 바로 꿈에서 보았던 아이였다.",목자(穆子)는 그 이름도 묻지 않고 ‘우(牛)’야 라고 부르니 ‘예’ 라고 대답하였다.
188,0.7898565530776978,9,논어집주,904,3148,3149,羔裘는 用黑羊皮라,麑는 鹿子니 色白이요,고구(羔裘)는 검은 염소의 가죽을 사용하여 만든 갖옷이다.,"예(麑)는 사슴새끼이니, 색깔이 희다."
189,0.7898443341255188,2,당시삼백수1,22,104,105,平生魂 魂 指白之魂,蓋子美不知白之死生而夢見之 疑其已死故云,평생혼(平生魂): 혼(魂)은 이백의 혼을 지칭한다.,"대개 자미(子美)(두보)가 이백의 생사를 모른 채 꿈에서 그를 보았기 때문에, 이백이 이미 죽었을 것이라 의심하여 말한 것이다."
190,0.7898309826850891,14,자치통감강목7,789,2538,2539,己酉年(A. D. 49),二十五年이라,기유년(己酉年)(A. D. 49),한(漢)나라 세조(世祖) 광무황제(光武皇帝) 건무(建武) 25년이다.
191,0.7898007035255432,9,당시삼백수1,128,870,871,鈿合 以金銀珠貝 飾器物之名,合猶今之合鈿 合과,"전합(鈿合): 금은(金銀)이나 구슬, 조개로 기물을 장식한 것을 이른다.",합(合)은 지금 말로 합전(合鈿)(나전한 상자)‧ 합과와 같다.
192,0.7897385954856873,12,당송팔대가문초한유1,104,569,570,一件,平叔云호되 初定兩稅時에 絹一匹直錢三千이나 今絹一匹直錢八百이니 百姓貧虛하야,1건.,"장평숙(張平叔)이 “처음 양세(兩稅)를 정할 때는 명주 한 필 값이 3천 전(錢)이었으나, 지금은 한 필 값이 800전에 불과하므로 백성들의 생활이 빈궁해져서,"
193,0.7897316217422485,12,당송팔대가문초구양수6,275,2037,2038,自元入經에 先用此法하야 統曆之諸法也라,以通法進統法하면 得七十二萬이라,"〈≪흠천력(欽天曆)≫ 모두(冒頭)의 첫머리에〉 상원적년(上元積年)을 제시하고 나서 본문에 들어가기에 앞서 먼저 이 법(法)(기준 수(數) 7, 200)을 사용하여 역산(曆算)의 모","통법(通法)으로 통법(統法)을 한 자리 전진시키면 720, 000을 얻습니다."
194,0.7895753979682922,6,당시삼백수3,99,882,883,〈月夜〉,劉方平,〈달밤〉,류방평
195,0.7895603179931641,15,주역전의(상),53,299,300,問邵子云 先天之學은 心法也니 圖皆從中起라,萬化萬事生于心이라하니 何也오 曰,"“소자(邵子)가 이르기를 ‘선천학(先天學)은 심법(心法)이니, 도식이 모두 이 가운데로부터 시작되었다.","만화(萬化)와 만사(萬事)가 마음에서 생겼다’ 하였으니, 무슨 말입니까?” 하고 묻자, 다음과 같이 대답하였다."
196,0.7894837856292725,5,자치통감강목4,338,2187,2188,"肅然山, 在梁父縣.","茅三脊, 茅草有三脊也, 所謂靈茅也.",숙연산(肅然山)은 양보현(梁父縣)에 있다.,"“모삼척(茅三脊)”은 띠풀 중에 세모꼴의 등이 있는 것이니, 이른바 영모(靈茅)라는 것이다."
197,0.7894802689552307,13,맹자집주,1835,5838,5839,"一家養母鷄五,母彘二也라",餘見前篇하니라,한 집에서 암탉 다섯 마리와 암퇘지 두 마리를 기르는 것이다.,나머지는 전편(前篇)에 보인다.
198,0.7893336415290833,9,시경집전(상),866,2036,2037,鮪는 似鱣而小하고 色靑黑이라,發發은 盛貌라,유(鮪)는 전어와 같은데 작으며 색깔이 청흑색(靑黑色)이다.,발발(發發)은 성한 모양이다.
199,0.7892972230911255,14,자치통감강목4,35,206,207,◑五月에 太皇太后崩하다,文帝皇后竇氏也라,5월에 태황태후(太皇太后)가 붕(崩)하였다.,태황태후(太皇太后)는 문제(文帝)의 황후(皇后)인 두씨(竇氏)이다.
200,0.7892502546310425,13,당송팔대가문초유종원2,145,802,803,然得而腊之하여 以爲餌면 可以已大風攣踠瘻癘하고 去死肌 殺三蟲이라,其始에 太醫以王命聚之하여 歲賦其二하니,"그러나 만약 이것을 잡아 포(脯)를 만들어 약으로 쓰면 문둥병과 손발이 오그라드는 병, 목에 난 종기 등을 치유하고 죽은 살을 제거하며 삼충(三蟲)을 죽일 수가 있다.",처음에는 태의(太醫)가 황제의 명으로 이런 종류의 뱀을 수집하되 매년 두 차례 징수하였다.
