,하여,라,하고,하니,에,는,이,하다,면,요,니,로,나,어늘,니이다,니라,하며,러니,가,를,아,하니라,한대,와,오,라하니,리오,로되,라도,라가,러라,라하고,하면,호되,로다,할새,리라,어든,하라,하니이다,호대,며,하노라,하여는,엔,라하니라,라하여,잇가,하시니,도
之,6392,6280,5297,3772,3456,5138,2452,1712,1968,1868,1964,1227,786,766,1322,1220,592,500,866,1099,579,495,533,1056,435,347,493,405,369,157,191,185,313,121,206,84,147,111,225,150,48,177,216,159,231,166,95,152,182,221
不,2700,4632,3934,2398,234,1409,269,625,1814,1409,1190,250,730,637,1195,1021,657,351,197,171,706,381,98,92,199,362,283,273,161,115,197,232,125,29,142,6,204,204,24,167,6,159,57,30,15,111,108,153,84,29
而,3252,4054,3177,3443,802,2372,719,816,1683,824,1058,305,225,435,1037,954,571,305,354,320,548,386,143,123,220,226,260,111,148,106,134,104,220,56,96,22,102,79,49,145,24,108,72,48,65,90,56,137,132,146
以,3029,3334,3532,2753,389,1221,290,1271,980,998,880,2796,410,586,804,718,415,395,184,207,319,400,322,141,188,261,283,208,104,151,145,163,145,85,76,46,88,51,85,116,30,92,153,35,32,93,267,77,103,44
其,3601,3207,3081,1735,1143,1531,814,503,972,776,712,376,416,319,637,548,404,217,309,333,618,284,137,185,215,154,307,154,108,73,120,65,181,54,152,35,127,60,101,68,18,100,65,158,148,65,39,95,36,88
也,258,7597,256,231,776,459,26,60,128,1364,1677,69,186,349,1607,1494,51,77,58,34,159,89,5,21,656,232,146,181,11,7,117,235,9,2,214,0,139,29,42,24,0,166,46,69,127,169,49,34,9,18
爲,2733,2336,2349,1518,467,855,284,1086,503,744,624,131,315,337,449,379,209,381,168,123,289,254,173,74,175,174,187,169,59,98,142,110,55,51,54,26,57,44,61,66,29,95,105,40,22,74,158,53,48,22
者,1024,1914,868,762,653,5528,106,102,503,569,548,210,148,242,379,324,105,134,663,536,307,94,43,59,166,107,72,149,107,43,100,43,51,22,44,13,42,78,14,29,13,54,37,36,54,27,27,85,15,140
人,1819,1800,1246,1127,523,1393,1470,750,523,557,654,326,229,313,205,199,145,154,171,205,202,134,110,103,67,118,102,157,135,51,99,61,49,68,38,26,25,45,24,17,22,45,23,30,30,42,37,26,19,59
於,2015,1702,1777,1453,1760,553,127,362,502,413,401,66,320,263,337,310,211,190,116,113,264,173,127,109,60,67,133,125,89,68,36,44,51,30,55,72,44,51,13,76,22,42,32,235,86,28,30,55,38,17
子,1613,1053,1220,1103,694,1194,422,949,282,268,349,289,149,205,86,160,70,208,276,120,141,106,243,82,94,129,62,87,49,49,30,66,21,41,64,62,45,34,102,4,48,25,33,26,29,41,44,16,47,42
有,1401,1795,1371,1552,538,440,180,175,860,432,430,86,425,343,360,270,235,164,157,105,240,142,48,125,39,111,153,176,181,28,68,52,46,46,65,6,60,135,14,55,18,55,13,18,10,35,53,45,29,12
曰,56,433,90,60,100,240,88,23,32,229,196,12,39,18,18,39,15,5,300,10,23,13,2,19,91,146,14,5,9,3,3,145,3,11,7,0,2,8,9,4,389,7,5,0,2,55,24,2,1,3
所,951,1748,709,530,336,1281,270,65,370,607,592,126,175,189,481,388,74,63,188,270,110,54,24,125,49,60,74,104,40,18,45,31,60,18,41,5,20,29,13,30,3,55,12,31,16,29,25,31,11,49
公,1186,590,822,736,573,527,644,1127,102,195,111,174,90,105,37,62,41,143,67,64,47,73,171,72,23,55,22,59,20,50,52,29,15,43,35,55,18,6,14,10,6,6,16,13,13,14,25,7,8,31
下,1344,762,835,653,452,781,292,140,242,232,246,233,159,151,245,168,91,100,164,149,76,64,47,68,23,48,48,75,53,30,39,26,41,28,9,14,30,13,22,36,7,21,30,29,19,21,23,45,66,32
無,718,1290,948,762,77,240,55,101,401,394,311,64,206,151,393,221,166,70,48,31,166,92,10,31,55,99,55,87,43,22,53,55,21,8,39,1,79,28,93,41,6,23,10,7,9,39,35,50,19,8
則,738,1249,1271,368,191,377,369,19,44,582,496,56,138,86,274,276,124,18,131,204,79,28,2,56,91,105,82,19,67,9,22,34,6,8,15,0,103,10,10,20,11,48,4,1,4,31,14,22,8,42
大,1213,774,871,639,259,557,393,535,182,230,226,174,108,158,110,94,71,71,126,76,54,74,73,88,32,49,26,74,31,37,45,29,19,24,25,37,21,19,21,30,9,21,11,30,27,17,20,8,14,12
可,336,1601,339,283,55,221,29,71,199,668,511,45,204,140,571,387,40,39,42,51,446,27,14,23,74,157,111,97,17,11,20,122,9,7,156,4,90,54,10,30,2,72,4,6,2,45,55,81,5,3
天,1074,709,729,476,502,640,302,102,200,275,268,185,140,142,215,164,53,66,147,146,78,39,22,64,16,64,47,74,51,12,16,30,21,20,17,16,21,21,8,27,6,26,9,20,27,22,30,28,43,29
王,774,373,561,384,446,467,1153,489,87,115,88,141,61,151,43,49,24,78,53,44,21,35,95,125,20,39,24,35,15,21,9,27,15,11,10,25,3,6,9,5,17,10,5,12,9,5,16,8,19,7
此,428,1197,221,396,191,925,132,9,314,255,259,112,96,110,411,272,19,16,60,64,101,61,8,7,64,48,88,41,24,7,51,64,78,4,32,2,30,13,9,25,2,15,8,7,13,25,10,56,8,3
一,713,729,484,440,610,268,134,80,384,268,245,116,111,107,113,109,41,57,45,67,47,60,19,66,27,35,40,59,55,16,24,17,43,14,8,1,15,9,5,15,6,21,22,15,7,8,8,8,18,26
自,982,648,559,432,132,193,103,309,170,168,169,1006,105,133,124,111,45,78,49,45,64,77,35,20,36,52,28,32,20,28,37,27,30,21,10,22,17,19,19,18,5,25,12,9,11,10,26,5,7,9
事,912,665,664,513,404,472,78,147,244,167,211,100,120,97,130,65,74,107,88,161,57,79,62,47,48,29,38,46,25,34,32,30,34,16,4,24,12,21,14,21,9,14,15,35,17,9,21,18,16,22
言,573,641,464,430,178,434,237,65,208,157,144,71,141,92,86,76,64,55,63,74,62,56,68,27,46,35,30,38,29,12,41,26,58,139,18,4,12,14,14,21,19,13,18,10,4,10,41,12,13,15
使,1041,309,897,501,144,130,120,571,330,96,91,603,41,101,104,42,59,110,48,41,46,53,205,30,19,23,15,17,77,48,21,17,35,35,10,13,6,19,15,12,10,8,28,5,4,5,11,5,22,12
是,448,926,279,208,1047,334,80,78,147,258,286,898,61,80,115,176,18,25,54,35,118,71,2,20,53,53,47,38,15,12,14,39,15,2,37,5,18,9,5,9,1,13,23,6,8,33,15,14,3,6
與,786,582,524,460,172,323,146,236,185,114,146,496,76,78,87,96,53,120,92,70,95,67,58,60,34,37,64,43,21,36,27,27,22,27,16,35,10,6,28,14,8,15,15,9,8,11,9,23,14,18
君,618,565,493,401,316,622,448,129,235,191,204,138,72,88,78,76,41,29,99,72,72,36,32,46,75,44,41,42,28,17,23,32,10,17,33,7,21,28,24,1,18,17,36,10,18,18,15,13,16,11
得,840,802,675,527,106,179,73,119,336,204,194,61,125,89,180,136,48,90,27,59,148,78,12,29,22,54,123,34,55,18,32,41,47,10,18,4,43,21,8,22,1,32,16,15,9,15,21,18,10,7
故,430,713,341,241,195,170,123,158,70,88,109,2137,55,37,84,115,36,44,42,48,22,104,43,24,67,33,16,14,21,21,15,21,12,5,7,5,0,7,2,10,4,7,45,4,3,30,7,11,8,7
至,1057,498,470,488,508,153,62,235,148,97,80,53,66,103,125,99,48,62,29,23,38,50,30,50,19,25,33,73,30,22,29,13,21,13,8,1,27,20,4,28,1,3,1,375,26,12,7,11,8,9
臣,746,390,374,308,264,645,578,44,124,132,141,219,92,78,186,39,31,38,77,52,23,11,28,67,23,38,16,30,18,12,11,24,21,20,6,14,3,8,8,15,7,3,9,9,11,9,16,18,19,16
然,689,640,378,316,484,390,115,97,262,88,96,52,849,36,113,120,39,32,62,49,121,48,6,16,34,20,26,24,19,14,30,12,14,9,18,0,21,7,4,19,2,8,3,6,8,8,10,11,10,12
知,512,858,676,315,95,219,105,131,193,244,151,35,159,78,177,167,49,104,41,16,102,29,21,53,50,37,81,77,17,42,43,13,16,4,57,9,28,17,2,20,2,22,11,4,0,17,12,17,4,13
年,245,987,165,156,2185,86,55,48,61,97,78,117,36,35,25,24,8,38,9,20,5,33,14,7,5,15,4,48,8,20,33,0,5,5,2,3,7,8,4,4,2,10,3,8,10,5,4,0,0,2
矣,35,1728,15,27,25,9,9,1,51,269,542,2,154,135,344,359,3,54,1,2,22,5,2,1,35,72,14,186,5,12,75,101,0,0,235,0,370,21,4,3,0,34,2,1,2,39,12,5,2,2
如,499,595,379,481,96,201,71,246,338,129,102,16,76,72,120,109,67,31,37,54,61,65,23,25,163,50,42,40,30,26,57,35,22,2,21,12,10,34,9,20,6,15,5,19,1,24,8,17,14,9
夫,423,371,444,195,241,1049,220,270,166,107,105,166,52,61,33,34,51,30,125,55,53,27,35,86,18,22,49,42,24,16,10,15,7,16,19,16,6,13,13,2,4,16,7,13,19,8,5,12,13,13
十,348,751,237,215,1429,108,99,88,71,252,178,106,34,39,40,29,16,52,22,31,4,34,13,201,9,14,2,54,14,20,55,5,10,12,1,2,4,4,1,2,2,32,11,2,10,5,1,0,2,1
皆,597,933,494,494,32,47,19,302,62,233,248,64,110,143,154,134,36,60,8,5,19,107,30,13,7,45,3,115,7,12,84,22,6,32,8,3,14,4,11,35,9,14,2,0,0,10,14,5,6,0
能,597,718,573,373,31,225,36,57,258,203,172,58,147,89,144,139,58,54,26,38,198,49,6,22,32,47,136,58,31,17,44,25,13,12,21,2,34,45,0,20,0,28,3,2,0,14,26,31,3,5
中,743,394,523,347,416,217,204,223,106,121,99,89,56,70,39,48,44,80,36,32,27,55,34,38,9,23,8,20,17,48,20,4,10,11,7,13,4,5,6,10,3,5,5,9,12,4,9,3,7,8
上,764,270,508,289,181,206,705,117,91,100,65,110,37,74,45,46,46,40,25,42,17,47,64,28,5,21,6,15,9,16,18,15,14,61,2,20,1,10,2,12,10,8,8,8,10,4,30,5,9,10
國,559,369,416,368,243,347,280,181,152,128,149,86,63,110,78,72,52,43,62,65,30,34,13,50,38,36,35,31,27,19,7,18,8,12,14,6,11,21,14,7,8,14,4,12,19,12,12,19,6,11
三,417,474,353,316,750,327,137,136,84,158,157,117,64,55,51,39,25,51,34,51,13,41,29,102,23,19,11,49,23,21,27,9,16,21,5,4,2,7,6,6,16,13,10,13,14,9,4,0,9,11
將,785,259,452,287,252,141,316,206,98,80,103,99,48,121,59,46,12,102,28,22,76,16,131,38,64,43,79,22,11,42,9,29,9,17,16,79,75,15,7,2,4,6,13,10,9,8,3,18,10,8
謂,151,628,106,86,48,385,58,1,42,213,235,32,46,30,116,95,9,20,55,32,73,5,4,18,70,63,25,32,12,6,3,44,1,41,84,0,3,4,10,0,19,20,0,2,1,37,42,9,0,5
二,387,450,236,242,907,282,113,88,82,187,131,87,36,40,50,45,13,42,43,36,12,32,20,117,20,13,9,31,3,10,21,8,9,6,8,3,7,5,10,7,5,13,14,5,7,7,3,2,2,10
今,578,272,343,417,495,579,273,5,150,93,91,130,92,78,56,32,12,4,88,51,32,19,2,29,19,18,13,51,29,8,0,10,40,5,12,2,5,8,10,9,2,9,5,4,33,6,4,10,22,20
後,396,425,240,281,1159,224,84,98,104,86,100,133,32,40,48,103,41,37,64,36,25,34,25,24,14,42,15,14,18,17,23,12,4,6,15,14,22,9,6,5,1,10,15,26,34,10,13,3,4,10
行,664,367,457,303,274,203,122,158,176,101,110,36,76,64,83,49,67,48,24,57,38,35,44,29,7,34,16,27,21,31,14,14,22,15,10,24,10,11,12,16,3,6,11,5,4,5,15,10,19,14
于,658,272,525,635,114,89,35,947,44,20,33,13,42,67,15,23,43,81,23,10,7,51,59,10,4,38,9,20,8,48,7,10,13,6,12,57,2,3,7,6,2,4,16,9,3,8,4,2,3,0
書,638,281,460,306,235,268,83,189,46,96,37,68,42,43,8,19,31,46,35,38,13,67,46,53,7,32,6,26,11,38,14,13,12,33,5,12,2,7,7,4,10,6,29,9,2,6,9,1,6,8
亦,354,999,177,269,18,20,21,90,21,114,226,32,83,62,227,222,30,50,11,8,195,70,10,8,16,30,42,42,1,6,41,18,1,10,56,1,71,8,9,27,6,10,6,0,1,20,11,40,7,0
相,650,368,411,372,155,147,188,155,101,66,106,40,58,71,53,60,62,77,27,32,34,49,33,40,10,21,14,47,16,18,18,11,18,20,4,7,3,10,13,17,6,5,12,8,5,6,14,2,7,8
見,381,449,573,343,164,114,90,71,101,90,82,31,55,68,57,68,28,43,43,29,21,26,56,24,7,22,15,37,17,15,20,8,33,13,23,14,13,19,6,9,4,9,11,13,6,5,6,4,2,2
文,485,420,341,267,197,368,271,88,62,95,78,81,97,50,16,60,33,47,32,40,23,46,21,42,9,27,14,30,16,15,9,12,14,11,9,13,4,3,3,2,2,8,6,17,8,17,12,4,5,17
用,566,455,413,300,91,197,130,71,187,104,110,51,65,52,89,65,67,40,25,36,41,40,22,35,23,31,69,36,20,17,18,12,17,3,8,7,13,5,7,22,5,13,5,13,8,6,9,10,16,8
未,247,714,314,333,367,75,19,46,87,164,130,29,127,127,225,143,35,98,3,18,27,32,6,10,9,26,3,54,10,11,32,17,8,3,18,2,18,19,0,12,3,16,0,4,25,11,18,4,13,2
非,164,938,154,72,26,70,39,0,360,453,230,18,108,62,202,179,26,10,17,28,130,8,2,27,51,33,29,70,17,7,6,17,1,0,17,0,5,32,1,9,2,27,0,3,0,11,14,23,6,0
在,355,465,302,395,351,112,34,39,103,150,133,19,51,68,101,73,29,60,33,35,31,31,11,13,39,37,19,31,20,22,11,17,10,5,10,8,9,8,2,12,2,10,0,11,20,5,11,17,8,5
出,737,341,386,369,225,105,49,224,116,69,74,20,52,85,53,37,34,51,24,29,20,54,30,23,9,18,10,33,15,47,11,10,20,15,5,22,9,8,10,7,3,7,4,9,10,5,6,8,4,4
時,643,322,213,160,1014,84,85,22,81,73,68,63,64,37,46,39,42,28,32,27,20,23,6,21,16,18,10,24,12,15,19,5,17,7,7,4,4,8,4,5,3,7,4,11,50,3,7,3,4,5
侯,416,141,297,339,115,171,104,606,66,37,40,40,33,51,12,17,24,54,40,18,16,16,75,25,12,16,12,20,5,14,6,10,6,12,3,42,11,3,6,5,10,2,3,2,6,9,6,4,5,3
又,705,423,234,524,127,76,42,112,104,35,92,70,14,59,63,35,43,34,32,18,74,41,40,29,10,15,96,7,6,29,10,14,17,26,18,3,11,4,2,9,8,15,7,2,1,8,13,17,12,2
兵,802,291,466,338,141,239,220,199,105,78,81,85,48,104,53,30,36,63,22,42,2,22,59,36,6,15,8,20,14,31,9,18,18,15,1,22,5,3,9,10,3,3,2,10,5,5,13,3,4,4
道,494,455,376,226,122,321,62,48,129,127,122,48,65,58,55,104,29,34,52,46,59,31,16,21,16,29,26,19,15,15,4,12,22,10,9,11,10,11,6,3,1,15,8,9,5,23,8,6,8,12
月,119,169,90,94,2728,47,16,32,25,26,29,68,8,11,14,11,12,7,3,9,2,19,5,12,2,4,2,7,3,4,3,2,2,2,0,1,2,1,0,3,4,1,5,0,4,2,1,1,1,0
士,601,271,385,214,130,289,91,136,52,99,63,125,39,51,41,25,41,60,165,36,23,34,35,37,10,15,13,29,22,29,22,7,9,11,15,7,4,10,1,6,3,11,5,2,8,7,2,5,8,23
及,631,209,267,281,481,129,86,231,85,48,49,44,56,52,48,42,25,31,30,36,17,27,21,36,8,18,23,19,15,10,20,11,7,6,6,3,25,10,6,8,1,4,2,183,31,6,6,7,7,8
乎,168,321,170,86,15,67,16,11,52,51,60,8,23,15,19,58,22,8,16,10,1413,8,1,10,18,19,98,13,9,4,0,4,5,2,18,0,16,0,0,2,0,31,5,0,1,5,3,290,0,1
州,539,328,438,273,249,144,106,335,27,81,42,66,21,79,16,6,22,123,43,17,4,63,66,31,7,3,5,11,7,95,22,3,3,15,1,59,2,3,0,6,0,14,3,3,3,1,1,1,0,5
必,301,432,323,152,57,93,17,4,66,222,240,26,43,28,122,95,66,20,16,11,19,13,5,7,28,67,41,32,2,3,12,35,5,3,10,0,171,10,35,7,1,16,3,1,1,25,25,11,7,1
世,417,454,246,254,232,298,88,50,71,98,85,79,73,53,52,77,18,46,56,36,45,25,9,31,11,25,15,35,32,13,21,5,5,3,18,4,9,6,3,8,3,10,11,30,42,15,9,5,8,8
何,104,63,61,27,32,22,19,23,2,16,10,30,9,12,10,11,11,10,81,3,199,1,4,10,1010,2,729,2,0,2,3,2,0,3,2,0,0,0,1,1,1,76,0,3,1,1,1,127,0,0
已,256,694,237,227,119,74,8,34,85,217,251,55,69,96,188,159,17,37,6,15,59,17,4,7,70,39,26,35,10,13,32,17,8,1,38,0,14,18,3,11,4,13,1,7,1,11,7,22,8,4
太,522,218,384,189,169,176,177,238,18,106,39,97,25,47,31,14,11,58,26,16,13,33,50,43,2,18,7,9,7,34,6,14,7,13,7,35,2,0,3,5,2,10,1,6,4,3,11,4,9,2
欲,586,264,238,290,38,144,31,45,161,60,73,63,184,154,45,26,35,101,22,31,57,18,128,11,12,28,18,36,29,31,10,16,16,33,6,7,3,14,4,6,18,7,14,1,4,4,2,9,17,2
日,404,272,288,230,665,103,53,163,91,72,52,83,41,45,53,34,40,28,17,27,8,35,13,22,11,10,15,28,26,11,10,17,16,15,5,7,19,10,5,18,5,4,8,4,4,4,4,3,6,2
吾,310,316,201,245,124,184,75,13,124,112,164,78,75,46,21,58,14,27,37,28,84,12,5,13,35,52,71,34,22,11,1,96,20,8,38,3,38,7,19,0,3,17,34,4,0,23,19,6,1,10
諸,465,177,308,307,114,198,217,231,80,35,44,51,29,69,16,27,28,35,48,59,28,14,63,32,17,15,15,25,6,14,4,6,16,16,5,24,9,4,14,5,9,1,10,5,11,8,6,7,5,8
民,514,275,413,218,73,210,337,46,103,72,111,68,37,61,103,34,48,32,42,68,12,24,11,15,25,23,22,26,11,6,15,23,13,6,8,2,6,7,4,24,4,9,3,10,7,6,7,12,11,10
師,567,208,362,324,129,112,68,483,66,52,45,39,33,88,16,7,16,39,23,10,11,40,50,18,11,16,6,17,7,32,10,9,6,5,4,33,12,6,5,7,1,0,6,5,2,8,5,3,3,7
乃,653,314,340,260,44,30,37,480,9,48,79,93,9,54,28,48,7,20,8,5,53,39,39,13,8,27,6,11,1,5,23,21,5,11,9,10,6,3,7,7,1,1,15,1,0,7,6,32,4,2
若,297,234,227,134,52,265,67,18,711,87,61,33,49,21,36,52,33,21,31,23,27,24,3,38,94,20,29,20,24,10,10,6,41,0,3,1,5,24,2,5,1,13,2,6,4,5,2,6,4,5
禮,241,539,288,209,226,288,48,64,131,114,99,46,37,47,42,98,52,16,50,35,24,20,17,29,34,25,16,11,9,12,11,14,8,2,14,7,3,8,3,6,10,10,1,14,5,14,7,6,7,4
從,542,259,232,259,75,115,60,211,103,40,67,49,39,50,38,31,22,62,37,19,37,51,41,10,16,26,22,20,7,31,11,7,9,16,10,24,12,8,13,9,2,8,9,6,1,10,5,5,10,1
明,407,287,301,165,355,167,104,52,56,84,53,63,42,44,59,39,34,18,16,27,18,24,12,27,9,22,14,8,12,5,3,11,2,10,7,10,6,2,1,5,2,5,4,4,0,5,5,8,14,11
晉,445,175,230,324,159,91,75,561,36,21,41,44,38,58,4,19,8,35,15,9,12,10,49,8,9,17,6,16,4,19,4,7,2,1,0,56,11,0,1,2,1,2,1,2,3,4,7,2,0,2
五,277,330,169,159,548,124,78,87,38,118,102,63,20,16,28,15,11,22,24,34,9,21,9,61,9,12,3,26,6,7,18,3,4,7,2,7,2,5,2,4,5,10,3,9,6,6,6,1,5,4
生,336,285,294,259,146,169,130,86,59,79,91,57,32,40,35,26,24,22,39,32,21,30,18,16,17,13,17,28,22,10,9,14,9,4,5,2,6,8,6,8,1,8,10,4,5,7,7,3,5,8
軍,521,169,425,231,102,104,213,293,31,36,23,54,14,66,14,4,24,55,20,24,3,29,54,25,7,4,7,7,2,40,10,15,6,16,2,16,4,4,6,0,3,4,6,7,2,4,3,0,1,6
四,260,326,174,175,572,123,77,41,34,105,90,51,34,17,29,13,23,27,24,25,2,24,16,58,14,16,4,28,4,3,22,4,5,5,3,1,5,4,1,3,1,13,2,6,2,3,1,1,6,2
死,190,291,255,265,245,143,27,141,118,72,77,30,49,89,41,35,29,32,37,22,31,52,14,4,30,31,20,24,35,8,17,34,11,7,16,1,29,21,6,7,3,5,7,4,7,13,8,3,0,7
官,434,164,354,183,119,180,132,107,63,89,53,76,29,41,46,9,48,40,30,37,13,40,19,34,5,10,4,17,8,26,9,4,6,18,1,12,1,5,1,6,1,4,5,5,2,3,4,3,1,5
先,351,278,318,206,177,189,119,78,84,61,104,52,22,44,44,38,30,32,33,34,15,28,11,15,13,27,15,15,7,9,7,19,12,8,5,9,2,9,3,5,1,7,8,1,6,8,8,6,13,1
焉,190,502,199,324,33,55,27,117,108,47,70,5,27,47,53,80,25,31,48,4,9,89,37,1,19,28,176,20,12,7,27,13,4,6,20,1,21,9,34,9,6,20,42,0,0,14,2,1,7,0
