kind,name,x,y,count
parent,p0,20.052706,4.8498116,33055.0
parent,p2,-6.309719,4.10276,58315.0
parent,p3,11.474568,-4.02511,63524.0
parent,p4,-0.81588846,23.827969,36713.0
parent,p5,-12.967807,-3.6885726,54009.0
parent,p6,16.633747,-0.2925374,68674.0
parent,p7,1.4205837,12.317553,89009.0
parent,p8,6.840361,4.2351613,127102.0
parent,p9,16.075666,13.701659,86679.0
parent,p10,6.4026904,-5.8191466,57240.0
parent,p11,-5.3569217,-3.9389215,44774.0
parent,p12,7.770419,-14.744683,43598.0
parent,p13,13.29864,20.815216,83873.0
parent,p14,-0.01181856,-14.945541,43396.0
parent,p15,-16.293808,4.966844,47828.0
marker,는@13,13.172738,20.939093,36174.0
marker,라@13,13.222938,20.88908,17116.0
marker,는@8,6.7211304,4.423703,13342.0
marker,요@13,13.10536,21.003681,12451.0
marker,라@8,6.727552,4.449322,11360.0
marker,는@6,16.91423,-0.029383237,11339.0
marker,라@7,1.2969472,12.3706665,11283.0
marker,하고@8,6.7396183,4.3658752,11280.0
marker,하야@8,6.6948276,4.4459186,10648.0
marker,는@5,-12.824962,-3.5758617,10445.0
marker,라@9,15.932386,13.463022,10015.0
marker,는@9,15.911814,13.480528,9620.0
marker,하여@7,1.1989318,12.438231,8451.0
marker,하니@8,6.6375146,4.5125775,8425.0
marker,하여@9,15.931912,13.447644,8349.0
marker,라@3,11.621537,-3.8306131,8098.0
marker,는@7,1.184627,12.356395,7797.0
marker,라@6,16.873161,-0.0067338375,7627.0
marker,하여@11,-5.201305,-3.9475584,7463.0
marker,니@13,12.978685,21.120232,7446.0
marker,라@2,-6.565341,4.119134,7298.0
marker,라@5,-12.724089,-3.524625,7277.0
marker,에@8,6.6736,4.4826126,6909.0
marker,하여@6,16.866095,-0.06177726,6583.0
marker,하니@7,1.226891,12.406223,6537.0
marker,는@2,-6.572407,4.109658,6340.0
marker,니@9,15.90305,13.474092,6316.0
marker,는@3,11.623595,-3.824209,6263.0
marker,면@7,1.2016046,12.3873825,6227.0
marker,하여@10,6.3982143,-6.097143,6159.0
marker,는@0,19.793245,4.9970613,6054.0
marker,요@8,6.675724,4.474421,6041.0
marker,하고@9,15.867173,13.520408,6016.0
marker,는@15,-15.939223,4.9166727,5974.0
marker,니@7,1.2295533,12.398997,5885.0
marker,하니@9,15.939683,13.415077,5805.0
marker,가@8,6.7131796,4.4447336,5667.0
marker,는@10,6.415994,-6.03817,5568.0
marker,하고@11,-5.238148,-3.9562314,5451.0
marker,에@12,7.5834856,-14.508042,5317.0
marker,니@8,6.6256943,4.52531,5312.0
marker,면@9,15.878361,13.487665,5267.0
marker,면@3,11.63863,-3.8844585,5149.0
marker,하여@3,11.567974,-3.837871,5082.0
marker,니@6,16.86952,-0.039606847,5079.0
marker,하고@10,6.3684683,-6.0669723,4921.0
marker,요@9,15.878947,13.440484,4809.0
marker,면@8,6.6576853,4.510208,4788.0
marker,하여@8,6.675465,4.481361,4782.0
marker,요@3,11.637867,-3.8181736,4781.0
marker,하고@7,1.2637308,12.361416,4719.0
marker,하여@14,-0.04379211,-15.207008,4643.0
marker,하니@5,-12.77725,-3.5500271,4638.0
marker,라@15,-15.937899,4.905195,4554.0
marker,는@4,-0.59861135,23.724909,4541.0
marker,라@10,6.412009,-6.1167264,4478.0
marker,로@8,6.7022195,4.447826,4471.0
marker,라@14,-0.06255684,-15.204416,4420.0
marker,가@15,-15.923218,4.890125,4396.0
marker,니@3,11.55806,-3.8545294,4338.0
marker,하고@12,7.5693655,-14.553694,4330.0
marker,하니@2,-6.60145,4.107012,4327.0
marker,요@6,16.86286,-0.075185515,4326.0
marker,니@5,-12.72744,-3.5059812,4323.0
marker,하니@12,7.6050777,-14.538771,4320.0
marker,하고@6,16.847902,-0.056619953,4221.0
marker,에@10,6.380003,-6.067619,4169.0
marker,요@5,-12.754132,-3.5246563,4123.0
marker,요@7,1.2648859,12.427424,4104.0
marker,는@14,-0.14771052,-15.108425,4075.0
marker,하고@5,-12.67818,-3.4616785,3965.0
marker,하고@3,11.588665,-3.847533,3929.0
marker,라@4,-0.60767823,23.651701,3922.0
marker,가@6,16.934744,-0.02586914,3915.0
marker,하여@4,-0.57721037,23.703897,3879.0
marker,하여@5,-12.76381,-3.5523307,3838.0
marker,하야@12,7.5956235,-14.526408,3828.0
marker,가@12,7.6318088,-14.567186,3816.0
marker,가@10,6.4134674,-6.0564656,3807.0
marker,에@9,15.842982,13.433929,3702.0
marker,가@7,1.3031118,12.443371,3689.0
marker,하여@12,7.566211,-14.500637,3673.0
marker,가@9,15.83605,13.549168,3672.0
marker,하니@15,-15.890673,4.863815,3667.0
marker,하니@10,6.4000087,-6.058197,3595.0
marker,하니@6,16.882458,0.002007087,3537.0
marker,라@0,19.782934,5.0107765,3482.0
marker,하니@3,11.634487,-3.838122,3466.0
marker,로@9,15.839951,13.491949,3391.0
marker,하여@2,-6.657022,4.0457067,3340.0
marker,하고@2,-6.632366,4.073519,3286.0
marker,하니@11,-5.256057,-4.000618,3251.0
marker,가@0,19.785702,5.0004334,3188.0
marker,하고@14,-0.09012662,-15.176928,3167.0
marker,면@6,16.90354,-0.044743404,3129.0
marker,면@2,-6.6424274,4.0632267,3128.0
marker,요@2,-6.6016245,4.09947,3125.0
marker,하여@15,-15.930271,4.9234314,3101.0
marker,니@2,-6.5995855,4.0968804,3080.0
marker,하니@14,-0.08430866,-15.222741,3059.0
marker,나@8,6.634298,4.5163727,3038.0
marker,하다@12,7.59104,-14.520416,3038.0
marker,에@14,-0.046072833,-15.176523,3028.0
marker,에@15,-15.943306,4.915786,3013.0
marker,하야@10,6.372344,-6.061554,2977.0
marker,에@5,-12.7232275,-3.5039172,2975.0
marker,가@4,-0.5901815,23.704222,2925.0
marker,는@11,-5.1982493,-4.0188117,2827.0
marker,라@11,-5.234998,-3.9530933,2808.0
marker,나@7,1.3168777,12.458035,2741.0
marker,가@14,-0.095413506,-15.231693,2722.0
marker,가@2,-6.6458826,4.0643544,2675.0
marker,하고@0,19.776403,5.010438,2550.0
marker,하야@11,-5.2870193,-3.8818977,2534.0
marker,니라@3,11.695271,-3.8626838,2451.0
marker,하고@15,-16.023382,4.959686,2447.0
marker,니@4,-0.59578216,23.7262,2408.0
marker,라@12,7.673021,-14.594623,2324.0
marker,하니@4,-0.5664482,23.694475,2314.0
marker,니라@8,6.724323,4.4185934,2276.0
marker,니@10,6.3367586,-6.093742,2258.0
marker,가@3,11.668022,-3.927109,2251.0
marker,나@9,15.931901,13.463613,2197.0
marker,에@11,-5.237233,-3.9265501,2195.0
marker,하며@3,11.671387,-3.888273,2182.0
marker,니라@7,1.4293382,12.476275,2179.0
marker,하며@9,15.936042,13.451019,2170.0
marker,니@0,19.781332,5.008226,2146.0
marker,하여@0,19.733181,5.0563583,2132.0
marker,니@14,-0.06780651,-15.196448,2097.0
marker,로@7,1.3825321,12.503545,2080.0
marker,로@6,16.864927,-0.10997721,2060.0
marker,에@0,19.749676,5.009089,2043.0
marker,로@10,6.3303103,-6.1006756,2038.0
marker,가@11,-5.1277804,-3.8716154,2022.0
marker,가@5,-12.789894,-3.549546,1977.0
marker,요@0,19.714504,5.0721583,1951.0
marker,어늘@8,6.8094482,4.3394923,1894.0
marker,하고@4,-0.56984884,23.698746,1891.0
marker,요@4,-0.55361223,23.72605,1877.0
marker,에@2,-6.570526,4.1504045,1872.0
marker,는@12,7.598627,-14.520694,1865.0
marker,요@10,6.358098,-6.0865917,1855.0
marker,니@15,-16.019665,4.9843187,1838.0
marker,를@8,6.7916574,4.3506794,1810.0
marker,에@7,1.3921477,12.506694,1802.0
marker,요@14,-0.090103544,-15.1994505,1802.0
marker,하며@8,6.8254366,4.3276386,1800.0
marker,가@13,13.043906,21.01867,1776.0
marker,로@5,-12.752756,-3.5055883,1756.0
marker,하야@7,1.4383873,12.5070095,1732.0
marker,니라@2,-6.4865713,4.1921487,1692.0
marker,에@6,16.915228,-0.0716696,1676.0
marker,로@15,-15.994173,4.9271693,1663.0
marker,로@11,-5.2639475,-3.9739041,1654.0
marker,면@10,6.3333325,-6.0640693,1634.0
marker,니이다@8,6.7777,4.359734,1630.0
marker,로@2,-6.514289,4.179471,1613.0
marker,면@11,-5.223849,-3.8923087,1608.0
marker,나@3,11.61658,-3.9517782,1593.0
marker,에@13,13.033114,21.053041,1580.0
marker,니@11,-5.267047,-3.9367023,1550.0
marker,나@2,-6.473781,4.214901,1548.0
marker,니라@6,16.862265,-0.120394655,1536.0
marker,로다@14,-0.09673359,-15.187186,1524.0
marker,하며@6,16.870167,-0.12845282,1523.0
marker,하니@0,19.768633,5.028776,1474.0
marker,에@3,11.640209,-3.9418688,1456.0
marker,니라@9,15.964879,13.492803,1444.0
marker,를@9,16.008326,13.502823,1427.0
marker,면@4,-0.5739191,23.772326,1401.0
marker,하며@7,1.5240917,12.554038,1398.0
marker,하야@15,-15.980907,4.8867836,1373.0
marker,하며@14,-0.17424773,-15.136637,1342.0
marker,하야@14,-0.19721234,-15.181804,1330.0
marker,어늘@12,7.658647,-14.579485,1320.0
marker,로@0,19.79549,5.020814,1310.0
marker,에@4,-0.5280129,23.767742,1296.0
marker,를@7,1.4296339,12.576616,1276.0
marker,러니@8,6.8573585,4.2299523,1189.0
marker,로@13,13.108814,21.005915,1180.0
marker,와@8,6.9282866,4.1059527,1170.0
marker,하며@11,-5.095772,-3.7743416,1169.0
marker,요@11,-5.2028036,-3.8381834,1154.0
marker,하야@9,15.99226,13.492932,1148.0
marker,아@7,1.5111945,12.381587,1145.0
marker,로@12,7.6745424,-14.505678,1134.0
marker,리오@7,1.6443734,12.413032,1131.0
marker,어늘@14,-0.14610274,-15.183201,1117.0
marker,요@15,-16.132471,5.0413404,1116.0
marker,하니@13,13.069701,21.071442,1113.0
marker,로되@8,6.920217,4.1385493,1112.0
marker,로@3,11.564124,-3.9973946,1102.0
marker,로@4,-0.5756652,23.765509,1094.0
marker,를@6,16.929409,-0.18058655,1051.0
marker,한대@15,-16.14534,5.027294,1043.0
marker,라하니@5,-12.886192,-3.540523,1007.0
marker,하며@2,-6.3994966,4.1626353,974.0
marker,어늘@2,-6.367614,4.188085,965.0
marker,라하니@15,-16.167105,5.0416946,949.0
marker,어늘@15,-16.158226,5.0295935,948.0
marker,러니@12,7.6588283,-14.549935,929.0
marker,를@10,6.298208,-5.822573,911.0
marker,를@11,-5.229023,-3.7721965,911.0
marker,하야@2,-6.317317,4.193641,908.0
marker,라도@7,1.5304978,12.410617,904.0
marker,하야@6,16.883154,-0.19191799,902.0
marker,하고@13,13.189299,20.925926,900.0
marker,어늘@7,1.5775759,12.386094,895.0
marker,하며@10,6.296709,-5.879452,879.0
marker,한대@12,7.69898,-14.623053,879.0
marker,하다@8,6.963377,4.0360956,871.0
marker,를@3,11.519703,-4.091779,870.0
marker,를@2,-6.3702173,4.185723,861.0
marker,한대@8,6.93875,4.067863,861.0
marker,하며@5,-12.916718,-3.5004327,857.0
marker,로@14,-0.20807287,-15.114784,853.0
marker,라도@8,6.9976516,3.9838042,829.0
marker,면@5,-12.935125,-3.6377406,824.0
marker,나@15,-16.1401,5.0337024,818.0
marker,러니@15,-16.197184,5.039514,800.0
marker,하야@0,19.84665,4.9637513,791.0
marker,어늘@10,6.322667,-5.823971,757.0
marker,라하니@8,6.987546,3.9751415,756.0
marker,와@0,19.781244,5.0207796,748.0
marker,하다@10,6.2724085,-5.78563,744.0
marker,하다@11,-5.26629,-3.818225,743.0
marker,나@6,16.746641,-0.2837807,741.0
marker,로되@7,1.5861434,12.326949,740.0
marker,아@8,6.945001,4.0310907,738.0
marker,하면@9,16.19472,13.718675,735.0
marker,아@2,-6.3997464,4.1666236,734.0
marker,라하니@2,-6.332011,4.131734,721.0
marker,어든@7,1.5913986,12.370447,711.0
marker,하야@3,11.423674,-4.1603045,711.0
marker,하사@10,6.26987,-5.769807,707.0
marker,어늘@11,-5.2342305,-3.7764895,697.0
marker,면@14,-0.21409337,-15.08022,695.0
marker,하면@8,7.013391,3.8949554,691.0
marker,하면@7,1.6401135,12.2968445,684.0
marker,하여@13,13.074561,21.042221,684.0
marker,라하니@7,1.5146058,12.251917,662.0
marker,하야@4,-0.67301047,23.952265,648.0
marker,어늘@4,-0.6699114,23.979168,642.0
marker,니라@4,-0.6089623,23.903362,639.0
marker,로되@2,-6.1740685,4.150943,633.0
marker,니@12,7.8019648,-14.740753,627.0
marker,하나니@7,1.5293524,12.170698,626.0
marker,리라@3,11.426356,-4.18048,624.0
marker,라도@3,11.399868,-4.192654,623.0
marker,하시니@8,7.01438,3.8243449,618.0
marker,라하니@6,16.69122,-0.3032593,604.0
marker,리오@8,7.051521,3.6284993,591.0
marker,어늘@9,16.23886,13.782201,587.0
marker,하다@0,19.894722,4.9202566,583.0
marker,하시니@6,16.698175,-0.29866073,572.0
marker,면@15,-16.442785,5.034842,569.0
marker,여@14,-0.18589227,-14.972122,566.0
marker,라하니@3,11.324548,-4.2501755,565.0
marker,를@15,-16.376411,5.003873,551.0
marker,하며@4,-0.67174375,23.988394,549.0
marker,하시니@15,-16.3665,4.993361,544.0
marker,나@14,-0.16010603,-14.941078,534.0
marker,라가@8,7.0619307,3.4955273,532.0
marker,라도@2,-6.038657,4.0427165,531.0
marker,라하니@9,16.279371,13.775201,525.0
marker,하면@5,-13.006321,-3.5698607,522.0
marker,며@7,1.3347771,11.981541,519.0
marker,하니라@9,16.251425,13.815552,518.0
marker,라도@9,16.22292,13.809103,509.0
marker,로되@9,16.257406,13.864168,507.0
marker,하니라@15,-16.421007,4.997062,507.0
marker,아@15,-16.47502,5.06846,504.0
marker,를@4,-0.7038299,24.060297,503.0
marker,와@5,-13.0309,-3.5573874,499.0
marker,로다@7,1.2579334,11.992942,496.0
marker,나@4,-0.69242924,24.064829,495.0
marker,러니@10,6.352812,-5.6676736,492.0
marker,를@14,-0.1994454,-14.956412,492.0
marker,와@13,13.023098,21.072718,491.0
marker,며@3,11.290167,-4.252229,488.0
marker,니이다@7,1.2276871,11.945464,483.0
marker,하나니@3,11.373688,-4.290516,482.0
marker,하시고@8,7.0900817,3.2374945,481.0
marker,니라@15,-16.477224,5.0290437,479.0
marker,어늘@5,-13.06424,-3.5891724,479.0
marker,와@12,7.9160624,-14.823675,475.0
marker,하시니@4,-0.6932505,24.030052,475.0
marker,하사@8,7.106286,3.1437469,472.0
marker,하사@4,-0.7389372,24.104761,469.0
marker,하시니@10,6.3712044,-5.628282,467.0
marker,라하니@10,6.3861103,-5.63177,466.0
marker,와@14,-0.17245317,-14.922777,466.0
marker,어늘@6,16.640081,-0.35770386,465.0
marker,와@10,6.3650036,-5.6534905,461.0
marker,어늘@3,11.325066,-4.2029333,460.0
marker,요@12,7.8858333,-14.835007,460.0
marker,하다@15,-16.471209,5.019636,459.0
marker,하니라@12,7.928745,-14.817053,454.0
marker,리오@2,-6.0247455,4.0453157,453.0
marker,로되@3,11.302474,-4.2698646,446.0
marker,를@5,-13.056865,-3.6102562,445.0
marker,나@10,6.391013,-5.612374,437.0
marker,오@7,1.0853926,11.8983755,437.0
marker,라야@9,16.173018,13.888384,435.0
marker,엔@8,7.105258,3.0431726,433.0
marker,하시니@9,16.219183,13.853462,429.0
marker,하면@3,11.295359,-4.2605133,428.0
marker,한대@10,6.3701844,-5.660207,426.0
marker,하나니@9,16.17662,13.909942,424.0
marker,며@2,-5.960328,4.0386667,421.0
marker,면@12,7.834604,-14.907005,421.0
marker,러니@11,-5.4616113,-3.8048096,420.0
marker,나@5,-13.047915,-3.6220045,418.0
marker,라하니@12,7.908152,-14.83524,418.0
marker,며@9,16.19737,13.917787,416.0
marker,어니와@7,1.0915989,11.874935,407.0
marker,하니라@5,-13.050409,-3.6273623,405.0
marker,리라@7,1.058992,11.879902,404.0
marker,니이다@2,-5.9273486,4.0222335,401.0
marker,로다@6,16.533106,-0.39837295,400.0
marker,어든@8,7.112584,2.9454062,397.0
marker,니라@10,6.395896,-5.5826797,396.0
marker,할새@12,7.9122324,-14.877755,391.0
marker,하나니@6,16.520767,-0.39214393,390.0
marker,러니@14,-0.07032035,-14.860269,387.0
marker,로되@15,-16.565434,5.056737,387.0
marker,오@8,7.127016,2.8911626,387.0
marker,라가@12,7.9248304,-14.830841,385.0
marker,와@6,16.56497,-0.36131078,384.0
marker,러니@2,-5.929124,4.0402937,378.0
marker,하되@8,7.111702,2.8304822,375.0
marker,아@3,11.2321415,-4.2132463,374.0
marker,시니라@8,7.1252584,2.7930107,370.0
marker,러니@0,20.054787,4.7872915,362.0
marker,어니와@8,7.1207633,2.8517842,361.0
marker,하사@6,16.503597,-0.4129251,360.0
marker,하시니@2,-5.8949947,4.006675,360.0
marker,하니라@2,-5.902553,4.0321875,358.0
marker,하다@2,-5.904719,4.0346546,358.0
marker,라하고@15,-16.644793,5.0885696,357.0
marker,오@2,-5.9277186,4.0767565,356.0
marker,와@9,16.038803,14.031753,355.0
marker,어늘@0,20.00564,4.848137,354.0
marker,를@13,12.983213,21.113771,353.0
marker,오@15,-16.61217,5.0579624,350.0
marker,나@12,7.8750916,-14.822289,347.0
marker,하면@11,-5.524565,-3.9025192,347.0
marker,라하니@4,-0.81392044,24.017675,345.0
marker,어든@9,15.984089,14.073692,343.0
marker,하면@6,16.482323,-0.4248117,343.0
marker,며@8,7.157155,2.6072893,340.0
marker,어든@14,-0.009542181,-14.812973,340.0
marker,어든@10,6.4635673,-5.551977,338.0
marker,하니라@7,0.91649306,11.81603,337.0
marker,로되@5,-13.121364,-3.7012136,336.0
marker,러니@7,0.88625884,11.87069,335.0
marker,리오@3,11.168762,-4.193117,329.0
marker,와@11,-5.5262203,-3.9295568,329.0
marker,며@14,0.004906504,-14.827717,328.0
marker,하리니@7,0.8306546,11.835213,327.0
marker,하나니@8,7.142028,2.5621936,326.0
marker,니라@13,13.015971,21.07957,324.0
marker,할새@10,6.5474863,-5.537501,320.0
marker,하니라@8,7.147948,2.4586186,319.0
marker,나@13,13.119119,20.99909,318.0
marker,며@6,16.4639,-0.41290924,316.0
marker,하니라@10,6.63023,-5.4932055,313.0
marker,하사@12,7.9432383,-14.823406,311.0
marker,라하고@8,7.1613865,2.4438767,302.0
marker,하시니@3,11.111808,-4.1697183,302.0
marker,면@0,20.11562,4.7431583,301.0
marker,아@6,16.431417,-0.3563497,301.0
marker,엔@9,15.80699,14.226617,301.0
marker,와@15,-16.765802,5.088797,301.0
marker,로다@9,15.819955,14.1965685,299.0
marker,어니와@9,15.868684,14.155721,298.0
marker,한대@11,-5.580362,-3.852912,296.0
marker,라하니@11,-5.5086837,-3.91537,294.0
marker,도@8,7.1361628,2.3674068,291.0
marker,아@9,15.833881,14.200512,291.0
marker,하시며@8,7.1546574,2.3594031,291.0
marker,하시니@7,0.75598496,11.847429,290.0
marker,니라@5,-13.090453,-3.7611523,289.0
marker,어든@11,-5.5624013,-3.91562,289.0
marker,호되@8,7.1392713,2.3438613,287.0
marker,하야@5,-13.064845,-3.743507,286.0
marker,어든@2,-5.5089765,4.0466456,285.0
marker,나@11,-5.496478,-3.926093,284.0
marker,니이다@3,11.089803,-4.1418576,283.0
marker,라하고@5,-13.156819,-3.7201457,283.0
marker,로되@10,6.670688,-5.4763823,281.0
marker,와@7,0.7375148,11.842936,281.0
marker,하다@14,0.17068058,-14.735384,281.0
marker,어니와@3,11.094461,-4.1185303,280.0
marker,할새@8,7.0805798,2.4041808,279.0
marker,리라@9,15.807293,14.2106905,277.0
marker,리오@9,15.7742815,14.220458,277.0
marker,로되@6,16.310545,-0.27577052,274.0
marker,오@9,15.779359,14.235643,269.0
marker,하나니@4,-0.9347412,23.845886,269.0
marker,하니라@6,16.3375,-0.30265707,267.0
marker,하면@10,6.807278,-5.4772024,264.0
marker,호라@14,0.18897812,-14.721271,261.0
marker,도@2,-5.2539716,4.0536666,260.0
marker,러라@8,7.1603355,2.2648776,256.0
marker,며@5,-13.132448,-3.7164493,256.0
marker,하사@15,-17.002125,5.1678567,255.0
marker,라야@6,16.303839,-0.28782725,254.0
marker,인댄@7,0.58407897,11.850186,254.0
marker,라하니@0,20.121136,4.7259507,253.0
marker,와@4,-1.0058957,23.816359,253.0
marker,며@13,13.079686,21.041649,252.0
marker,잇가@8,7.1596847,2.1984823,251.0
marker,하시고@15,-16.996487,5.1700783,250.0
marker,나@0,20.13333,4.6997085,249.0
marker,어든@3,11.004993,-4.0990243,249.0
marker,하니이다@8,7.145695,2.1509771,249.0
marker,하사@0,20.148165,4.6738224,249.0
marker,하니라@11,-5.4184065,-3.9760647,247.0
marker,아@10,6.8588276,-5.4277496,246.0
marker,니라@14,0.2521759,-14.711142,245.0
marker,로다@8,7.158931,2.14318,244.0
marker,러시다@8,7.133043,2.030386,240.0
marker,하시며@6,16.139977,-0.22102273,240.0
marker,를@0,20.143,4.6723213,239.0
marker,하며@0,20.126558,4.6684427,238.0
marker,라하니@14,0.269699,-14.697831,237.0
marker,면@13,13.269007,20.844894,237.0
marker,시니라@15,-17.06665,5.2052946,237.0
marker,라가@14,0.24774823,-14.725086,236.0
marker,라하고@10,6.915773,-5.401281,235.0
marker,리오@15,-17.052984,5.186888,234.0
marker,리니@7,0.047749147,11.908797,232.0
marker,하니라@13,13.139295,20.980314,232.0
marker,로다@11,-5.388845,-3.9124799,231.0
marker,하면@2,-5.053731,4.062314,229.0
marker,하니라@3,10.94172,-4.0820484,228.0
marker,한대@0,20.21206,4.678318,228.0
marker,호되@10,6.864275,-5.4254646,228.0
marker,라가@10,6.9120045,-5.41691,226.0
marker,로다@3,10.904359,-4.0315824,225.0
marker,하니라@0,20.173376,4.636263,224.0
marker,하며@13,13.141285,20.997398,224.0
marker,리오@6,16.021587,-0.14254244,222.0
marker,하라@3,10.921641,-4.0461497,221.0
marker,하시니@12,7.9402394,-14.978961,221.0
marker,라야@3,10.90162,-4.0846615,220.0
marker,라하고@2,-4.970758,4.0535655,219.0
marker,로되@12,7.833284,-14.935965,219.0
marker,하나니@2,-5.0150156,4.0722117,218.0
marker,리오@4,-1.1467624,23.694315,215.0
marker,하시고@12,7.8716917,-14.954627,213.0
marker,한대@2,-4.9837832,4.0668797,213.0
marker,하되@11,-5.1580815,-3.9918685,212.0
marker,호되@15,-17.104961,5.205002,212.0
marker,하면@4,-1.1265473,23.691977,211.0
marker,리라@6,15.966241,-0.089744516,209.0
marker,로다@2,-4.956454,4.082319,208.0
marker,를@12,7.8098474,-14.9906025,208.0
marker,도@9,14.753665,14.275421,207.0
marker,로되@14,0.34755358,-14.654688,207.0
marker,하며@12,7.828311,-14.975354,207.0
marker,아@4,-1.0966951,23.709333,205.0
marker,도@7,-0.4362485,11.976116,203.0
marker,라도@6,15.937924,-0.06575884,203.0
marker,하니라@14,0.39620885,-14.677157,203.0
marker,하시니라@15,-17.150614,5.2497025,203.0
marker,잇가@15,-17.159065,5.253931,201.0
marker,오@14,0.4084203,-14.6359825,200.0
marker,하며@15,-17.090027,5.2012215,200.0
marker,아@14,0.42905608,-14.560209,199.0
marker,일새@7,-0.4268879,11.9733715,199.0
marker,엔@2,-4.9471064,4.0693564,197.0
marker,오@10,7.1511683,-5.3763533,197.0
marker,오@3,10.907904,-4.0405297,196.0
marker,인댄@8,7.3683953,1.1937784,196.0
marker,리라@8,7.3581023,1.1569993,195.0
marker,호되@11,-4.7752285,-3.9726825,191.0
marker,로되@4,-1.148267,23.671804,189.0
marker,니라@11,-4.7726173,-3.9594393,187.0
marker,니이다@10,7.2308416,-5.3645716,187.0
marker,라하고@7,-0.4917837,11.974332,187.0
marker,하시고@6,15.8847,-0.02597805,186.0
marker,하시니@11,-4.715897,-4.030988,186.0
marker,엔@10,7.1729636,-5.4042277,185.0
marker,하리라@7,-0.52173,11.9830475,183.0
marker,라하니라@5,-13.0388155,-3.899029,182.0
marker,오@6,15.816993,0.04030933,182.0
marker,하여는@9,14.614685,14.26751,182.0
marker,하노이다@8,7.396326,1.0329074,180.0
marker,호대@10,7.3041444,-5.3558793,180.0
marker,라도@11,-4.5778456,-3.9957905,178.0
marker,리라@2,-4.8654447,4.0637503,178.0
marker,엔@6,15.825823,0.032295,178.0
marker,하사@7,-0.61038274,12.017591,177.0
marker,라하시니@8,7.4161363,1.0016178,176.0
marker,하리니@9,14.54748,14.286973,174.0
marker,하사@14,0.578915,-14.646261,174.0
marker,니이다@6,15.722773,0.13717008,172.0
marker,엔@5,-13.0043955,-3.9039009,172.0
marker,며@4,-1.2786696,23.56621,171.0
marker,어니와@2,-4.6635065,4.1202693,170.0
marker,한대@14,0.61556494,-14.642696,170.0
marker,히@8,7.43757,0.8612761,169.0
marker,하니라@4,-1.2673061,23.57161,168.0
marker,하시고@0,20.330448,4.786419,168.0
marker,하시고@2,-4.6771393,4.0962234,168.0
marker,엔@7,-0.6824889,12.023602,167.0
marker,할새@11,-4.517759,-3.9613948,167.0
marker,라하고@11,-4.4702115,-3.975196,166.0
marker,하리니@3,4.1717954,-0.8165789,166.0
marker,하사@11,-4.4442983,-3.9763846,166.0
marker,라가@7,-0.7255702,12.0382595,165.0
marker,로다@15,-17.370676,5.39564,165.0
marker,로되@0,20.397007,4.7740088,165.0
marker,하시고@10,7.422522,-5.3456926,165.0
marker,니이다@9,14.542175,14.321235,163.0
marker,인댄@9,14.531892,14.306101,162.0
marker,잇가@7,-0.6904401,12.053229,162.0
marker,하나니@14,0.6498764,-14.707198,162.0
marker,라가@11,-4.385815,-3.9366395,161.0
marker,라하니라@7,-0.7250876,12.034671,161.0
marker,컨대@15,-17.430458,5.4437757,161.0
marker,하나니@11,-4.414557,-3.971868,161.0
marker,로다@10,7.444122,-5.3567944,160.0
marker,오@13,13.343557,20.770449,160.0
marker,호되@7,-0.6922735,12.004539,159.0
marker,라야@8,7.454462,0.7655584,158.0
marker,라하니라@15,-17.424767,5.4260535,158.0
marker,하시니@0,20.339558,4.7910132,158.0
marker,니이다@4,-1.3837416,23.471848,157.0
marker,하시고@11,-4.334832,-3.9368172,157.0
marker,리이다@8,7.4374037,0.79304606,156.0
marker,로소이다@8,7.456324,0.7339269,155.0
marker,리오@10,7.5057955,-5.335568,155.0
marker,니라@12,7.884708,-14.979508,154.0
marker,하나니@10,7.552136,-5.295494,154.0
marker,하얀@8,7.450296,0.7888176,154.0
marker,라하니라@6,15.562541,0.31435853,153.0
marker,로다@4,-1.4134629,23.451834,153.0
marker,며@10,7.57781,-5.2848644,153.0
marker,여@6,15.559633,0.31220984,153.0
marker,라하고@9,14.536735,14.282568,152.0
marker,리라@4,-1.4316564,23.44054,151.0
marker,시니라@6,15.569924,0.30498436,151.0
marker,어든@6,15.530373,0.26623526,150.0
marker,오@0,20.395123,4.8242116,150.0
marker,하되@9,14.492355,14.327572,150.0
marker,컨대@9,14.467267,14.351437,149.0
marker,하시고@4,-1.406774,23.461409,149.0
marker,러니@9,14.495229,14.346662,148.0
marker,리잇가@8,7.448108,0.6099878,148.0
marker,하리라@9,14.485189,14.392872,148.0
marker,라하야@8,7.4947963,0.5731053,147.0
marker,로되@13,13.330947,20.780933,147.0
marker,하리니@8,7.4970274,0.65259874,147.0
marker,일새@2,-4.220707,4.1414537,146.0
marker,하되@7,-0.86971873,12.053586,146.0
marker,니이다@11,-4.2396307,-3.8951852,145.0
marker,라도@14,0.7273436,-14.721909,145.0
marker,라하여@2,-4.21725,4.147462,145.0
marker,하시며@3,4.0908875,-0.7455826,145.0
marker,리니@8,7.457705,0.6522776,144.0
marker,며@11,-4.170215,-3.8924377,143.0
marker,와@2,-4.178522,4.1401296,143.0
marker,인댄@6,15.536182,0.3456724,143.0
marker,하라@11,-4.1727695,-3.888098,143.0
marker,라가@15,-17.553007,5.523386,142.0
marker,라하여@7,-0.87691647,12.049913,142.0
marker,어시늘@4,-1.4564985,23.471615,142.0
marker,하라@10,7.662372,-5.260201,142.0
marker,인댄@2,-4.175952,4.1387563,141.0
marker,도@15,-17.567049,5.5330677,140.0
marker,라하시니@3,4.063039,-0.7384852,140.0
marker,엔@14,0.7198104,-14.714235,140.0
marker,하소서@10,7.735899,-5.216623,140.0
marker,호되@9,14.412131,14.354202,139.0
marker,로라@8,7.4881396,0.62185687,138.0
marker,리니@3,4.113846,-0.77519256,138.0
marker,엔@3,4.11551,-0.7742951,138.0
marker,도@6,15.50864,0.37161517,137.0
marker,아@11,-4.167785,-3.947236,137.0
marker,하다@5,-12.9835,-4.1757574,137.0
marker,어니와@6,15.536333,0.343418,136.0
marker,하여는@7,-0.9420184,12.054272,136.0
marker,라하니라@2,-4.190346,4.164919,135.0
marker,라하시니@6,15.537076,0.34520292,135.0
marker,로라@2,-4.1455183,4.1241674,135.0
marker,로라@7,-0.9864204,12.069117,135.0
marker,와@3,4.080362,-0.7445273,135.0
marker,니라@0,20.479132,4.901131,134.0
marker,라하시니@9,14.387335,14.34606,133.0
marker,로되@11,-4.1356716,-3.8926756,133.0
marker,하다@7,-0.91905516,12.054825,133.0
marker,호되@2,-4.1089087,4.1172976,133.0
marker,라하고@12,8.085033,-14.930685,132.0
marker,라하니라@8,7.476878,0.5356903,132.0
marker,라하시니@15,-17.678648,5.6120763,132.0
marker,리오@14,0.8058231,-14.726214,132.0
marker,하사@9,14.336208,14.327766,131.0
marker,한대@7,-0.9809443,12.075711,130.0
marker,하되@2,-4.0817556,4.115784,129.0
marker,라가@2,-4.049213,4.0674934,128.0
marker,인저@8,7.458925,0.44982988,128.0
marker,하면@14,0.87692374,-14.781141,128.0
marker,하사@2,-4.09839,4.1575274,128.0
marker,하시며@9,14.358358,14.347857,128.0
marker,하노라@10,7.8964233,-5.1386333,127.0
marker,언정@3,4.0098057,-0.6778094,126.0
marker,하라@6,15.472,0.43549564,126.0
marker,하리니@10,7.8671637,-5.155163,126.0
marker,로다@5,-12.9896145,-4.1613617,125.0
marker,온@2,-4.0420933,4.100063,125.0
marker,컨대@8,7.450111,0.3826129,125.0
marker,시니라@2,-4.0163183,4.09238,123.0
marker,하사@5,-12.962753,-4.227135,123.0
marker,러니@4,-1.6164947,23.281921,122.0
marker,하되@10,7.87787,-5.1331053,122.0
marker,하리라@11,-4.0559034,-3.9049292,122.0
marker,할새@15,-17.805595,5.7103558,122.0
marker,인저@6,15.4261,0.49914932,121.0
marker,호대@15,-17.839506,5.746625,121.0
marker,라도@10,7.907481,-5.1477056,120.0
marker,라하니@13,12.9885845,21.11134,120.0
marker,라하니라@3,3.9538789,-0.64561623,120.0
marker,하노니@10,7.897515,-5.165847,120.0
marker,하시며@10,7.903721,-5.1417847,120.0
marker,하여는@2,-3.9749863,4.0720787,119.0
marker,시니@4,-1.7103802,23.206242,118.0
marker,어시늘@15,-17.869368,5.736035,118.0
marker,온@7,-1.1575809,12.061573,118.0
marker,하나니@5,-12.966065,-4.2861176,118.0
marker,하되@6,15.369796,0.5660059,118.0
marker,하리니@11,-4.0247407,-3.902325,118.0
marker,라하고@0,20.550848,4.9884467,117.0
marker,하시니@14,0.9349716,-14.8020525,117.0
marker,어늘@13,13.065424,21.045427,116.0
marker,오@11,-4.041752,-3.894686,116.0
marker,잇가@2,-3.938985,4.091845,116.0
marker,라하니라@9,14.206605,14.332316,115.0
marker,호니@14,0.9270483,-14.808779,115.0
marker,하라@9,14.205449,14.370289,114.0
marker,라하고@6,15.375603,0.5631755,113.0
marker,며@0,20.621828,5.0478005,113.0
marker,라하다@8,7.381392,-0.09979098,112.0
marker,하면@15,-17.88037,5.823348,112.0
marker,라도@4,-1.77821,23.147463,111.0
marker,일새@8,7.352551,-0.19368754,108.0
marker,하노라@8,7.3603716,-0.17303847,107.0
marker,하되@3,3.81533,-0.5625988,107.0
marker,하여는@10,8.070655,-4.966862,107.0
marker,호되@12,8.793904,-14.56702,107.0
marker,라하시니@7,-1.5644408,12.049484,106.0
marker,인댄@3,3.7231457,-0.48210213,106.0
marker,일새@15,-18.00653,5.8664026,106.0
marker,하사@3,3.7745018,-0.52815926,106.0
marker,하시니라@9,14.099548,14.325653,106.0
marker,할새@14,0.94414365,-14.80255,106.0
marker,러시니@8,7.3408036,-0.22092783,105.0
marker,일새@14,0.9815043,-14.832056,105.0
marker,하신대@15,-18.038021,5.8914847,105.0
marker,리니@9,14.131241,14.336025,104.0
marker,라하고@3,3.6980546,-0.45745176,103.0
marker,러시니@15,-18.012562,5.8699503,103.0
marker,의@8,7.3438673,-0.22318685,103.0
marker,하야는@8,7.3531404,-0.22251105,103.0
marker,하되@15,-18.039003,5.887458,102.0
marker,러라@15,-18.086473,5.9274325,101.0
marker,어든@4,-1.8459774,23.093737,101.0
marker,잇고@2,-3.6062312,3.9732325,101.0
marker,하리니@2,-3.612435,3.9761097,101.0
marker,리오@11,-3.8919551,-3.9325347,100.0
marker,시니라@7,-1.6813207,12.04459,100.0
marker,시니라@9,14.051407,14.309493,100.0
marker,엔@11,-3.8948953,-3.9271939,100.0
marker,히@3,3.7253356,-0.48924744,100.0
marker,도@3,3.7783952,-0.53778666,99.0
marker,하리니@4,-1.8793672,23.071138,99.0
marker,하시니@5,-12.91396,-4.376208,99.0
marker,인댄@10,8.153722,-4.851203,98.0
marker,잇가@10,8.126447,-4.8694277,98.0
marker,하여는@8,7.356297,-0.27358022,98.0
marker,도@10,8.156071,-4.8354807,97.0
marker,시니@6,15.246757,0.87320316,97.0
marker,어다@3,3.676694,-0.43916145,97.0
marker,언마는@3,3.6614125,-0.42656967,97.0
marker,도@5,-12.906524,-4.3882346,96.0
marker,며@15,-18.099121,5.9262443,95.0
marker,여@7,-1.7565354,12.037756,95.0
marker,하여는@3,3.6658137,-0.42947808,95.0
marker,로다@13,13.2876215,20.825785,94.0
marker,하노라@7,-1.7638196,12.050964,94.0
marker,라도@15,-18.168747,5.986641,93.0
marker,하노라@15,-18.175306,5.990377,93.0
marker,하시면@4,-1.9301872,23.034697,93.0
marker,호대@0,20.759115,5.1744213,93.0
marker,호되@3,3.7255874,-0.48882276,93.0
marker,어든@15,-18.195293,6.0060005,92.0
marker,인저@9,14.028143,14.339881,92.0
marker,러니@3,3.6526651,-0.41461322,91.0
marker,러라@11,-3.7801466,-3.951774,91.0
marker,오@5,-12.910035,-4.389638,91.0
marker,인댄@4,-1.962066,23.008144,91.0
marker,라야@7,-1.8303068,12.079952,90.0
marker,러니@6,15.144265,1.0515394,90.0
marker,엔@0,20.719547,5.13395,90.0
marker,하소서@8,7.3190184,-0.53380406,90.0
marker,니이다@15,-18.195894,6.0012875,89.0
marker,라하니라@10,8.243122,-4.7060037,89.0
marker,인저@7,-1.8093917,12.0529785,89.0
marker,러니@5,-12.879917,-4.441504,88.0
marker,어니와@15,-18.229748,6.031397,88.0
marker,하리니@6,15.150131,1.0520624,88.0
marker,일새라@7,-1.8673675,12.041115,87.0
marker,고@2,-3.2118256,3.8578799,86.0
marker,리니@2,-3.2223032,3.872596,86.0
marker,오@12,9.038232,-14.484808,86.0
marker,오@4,-2.059772,22.929987,86.0
marker,하다@9,13.923554,14.309808,86.0
marker,하시니라@2,-3.2007964,3.852854,86.0
marker,하시다@10,8.234215,-4.7070227,86.0
marker,하시면@10,8.273905,-4.641744,85.0
marker,라하여@15,-18.329063,6.1237135,84.0
marker,하리라@3,3.6449296,-0.41160798,84.0
marker,도@11,-3.6068938,-4.009853,83.0
marker,리오@12,9.059912,-14.503116,83.0
marker,호대@2,-3.1945875,3.84824,83.0
marker,로소니@14,1.2922764,-14.923699,82.0
marker,어시늘@10,8.290261,-4.6280375,82.0
marker,인저@15,-18.31339,6.101584,82.0
marker,라하여@6,15.043717,1.2436793,81.0
marker,하라@15,-18.268463,6.0616746,81.0
marker,호되@14,1.3680058,-14.960796,81.0
marker,히@10,8.284815,-4.6326127,81.0
marker,도@4,-2.1175313,22.894833,80.0
marker,러시니@12,9.1463995,-14.405559,80.0
marker,하노라@9,13.91379,14.296917,80.0
marker,하면@13,13.304549,20.808805,80.0
marker,라하시니@2,-3.1163416,3.8065119,79.0
marker,어니와@10,8.265206,-4.641859,79.0
marker,온@8,7.2948103,-0.87540644,79.0
marker,잇고@15,-18.294025,6.083748,79.0
marker,하시고@9,13.953047,14.351762,79.0
marker,하시며@4,-2.1332867,22.884499,79.0
marker,호되@5,-12.853846,-4.4661717,79.0
marker,라하고@4,-2.1399813,22.88177,78.0
marker,라하시니@4,-2.0668876,22.940336,78.0
marker,론@7,-2.3623137,12.103781,78.0
marker,시니라@3,3.6198552,-0.3911563,78.0
marker,여@8,7.2717986,-0.89706975,78.0
marker,컨대@2,-3.0732086,3.7799911,78.0
marker,하노니@7,-2.2888522,12.06383,78.0
marker,라하야늘@8,7.2909946,-0.92534417,77.0
marker,하시다@8,7.297248,-0.93270874,77.0
marker,하시되@15,-18.429401,6.2169824,77.0
marker,리니@11,-3.4228663,-4.0779243,76.0
marker,리오마는@2,-3.061073,3.7737362,76.0
marker,하시며@5,-12.809984,-4.52173,76.0
marker,고@7,-2.3700898,12.088799,75.0
marker,도@14,1.4426541,-14.994818,75.0
marker,라하시니라@6,14.981868,1.3312905,75.0
marker,리니@6,14.985271,1.3318366,75.0
marker,리오마는@7,-2.3655605,12.11287,75.0
marker,어니@7,-2.38585,12.116037,75.0
marker,잇고@7,-2.4025874,12.119338,75.0
marker,하실새@12,9.1266365,-14.415485,75.0
marker,라하시니@10,8.324563,-4.5169973,74.0
marker,어니와@14,1.4686159,-15.014677,74.0
marker,어시늘@0,20.947983,5.364004,74.0
marker,어시늘@12,9.151361,-14.375828,74.0
marker,엔@12,9.162142,-14.396857,74.0
marker,엔@15,-18.383747,6.1706553,74.0
marker,하신대@11,-3.3904147,-4.092632,74.0
marker,한대@9,13.85973,14.315941,74.0
marker,일새라@3,3.5980139,-0.37040088,73.0
marker,하니이다@7,-2.4324121,12.174318,73.0
marker,하시면@8,7.2936435,-0.95069414,73.0
marker,히@0,20.942387,5.3609776,73.0
marker,엔@4,-2.2271001,22.833006,72.0
marker,일새@9,13.864587,14.272771,72.0
marker,하나니라@6,14.94066,1.3894863,72.0
marker,할새@0,20.943659,5.361563,72.0
marker,호라@7,-2.4945898,12.123982,72.0
marker,고@15,-18.478008,6.2672014,71.0
marker,도@13,13.281016,20.82511,71.0
marker,라한대@8,7.274141,-0.98766255,71.0
marker,아@12,9.143521,-14.37503,71.0
marker,여@9,13.855292,14.3142605,71.0
marker,하리이다@7,-2.4968996,12.074503,71.0
marker,하시니라@8,7.292147,-0.9835235,71.0
marker,하여는@6,14.945858,1.3887852,71.0
marker,로소니@7,-2.5193582,12.110556,70.0
marker,하신대@12,9.204774,-14.410477,70.0
marker,도@0,20.95154,5.3688383,69.0
marker,여@2,-2.8398173,3.6791053,69.0
marker,컨대@5,-12.745177,-4.610635,69.0
marker,하리라@10,8.341292,-4.469012,69.0
marker,호되@6,14.918447,1.4238932,69.0
marker,히@6,14.928809,1.4107505,69.0
marker,니잇고@8,7.311546,-1.0764676,68.0
marker,하나@7,-2.6023319,12.113744,68.0
marker,하시며@11,-3.2825196,-4.126656,68.0
marker,라하여@10,8.3939,-4.4014764,67.0
marker,라하여@12,9.184984,-14.381117,67.0
marker,러시니@10,8.392285,-4.4043756,67.0
marker,어시든@8,7.312946,-1.107228,67.0
marker,라야@4,-2.3975487,22.742014,66.0
marker,라하고@13,13.339148,20.77625,66.0
marker,라하고@14,1.5617701,-15.067916,66.0
marker,언마는@2,-2.7992475,3.6510446,66.0
marker,언정@2,-2.8163333,3.6654024,66.0
marker,의@2,-2.7882762,3.6464136,66.0
marker,일새라@9,13.866395,14.285281,66.0
marker,컨대@7,-2.6113334,12.11553,66.0
marker,하되@14,1.530295,-15.035938,66.0
marker,하신대@4,-2.4085808,22.731329,66.0
marker,라가@0,20.941702,5.360821,65.0
marker,러시니@0,20.911736,5.327935,65.0
marker,리이다@7,-2.6981802,12.163346,65.0
marker,의@0,20.942434,5.3605494,65.0
marker,하시고@3,3.5421436,-0.3296825,65.0
marker,하여는@15,-18.401375,6.191126,65.0
marker,일새@10,8.412948,-4.358692,64.0
marker,컨대@10,8.362487,-4.4276414,64.0
marker,하소서@6,14.836483,1.5268749,64.0
marker,라하여@11,-3.2781117,-4.1179233,63.0
marker,리라@11,-3.2620542,-4.132986,63.0
marker,리라@15,-18.4255,6.212326,63.0
marker,어니와@4,-2.4751744,22.681633,63.0
marker,의@6,14.8179455,1.5491738,63.0
marker,호되@0,20.987024,5.4060216,63.0
marker,히@14,1.5780392,-15.0735655,63.0
marker,니이다@12,9.3175,-14.390118,62.0
marker,시니@2,-2.7797647,3.6421611,62.0
marker,하되@4,-2.4841158,22.674305,62.0
marker,하리라@4,-2.4570003,22.698662,62.0
marker,하소서@3,3.5699182,-0.34502938,62.0
marker,하시되@4,-2.4382913,22.732456,62.0
marker,하시면@6,14.783512,1.5866838,62.0
marker,라하여@0,20.947771,5.365616,61.0
marker,러라@14,1.5718472,-15.066646,61.0
marker,러라@2,-2.8108902,3.6688845,61.0
marker,어니와@11,-3.2526023,-4.136791,61.0
marker,인댄@11,-3.279788,-4.130773,61.0
marker,잇가@6,14.805173,1.5705752,61.0
marker,하라@7,-2.8025792,12.152009,61.0
marker,하리라@6,14.80489,1.5683872,61.0
marker,하시다@12,9.290445,-14.443633,61.0
marker,라하나이다@8,7.3555927,-1.4828178,60.0
marker,러라@10,8.415044,-4.348598,60.0
marker,러라@7,-2.8652024,12.195499,60.0
marker,하노니@11,-3.2492118,-4.1672435,60.0
marker,하리니@14,1.6450578,-15.130891,60.0
marker,하시니라@6,14.7938,1.5488261,60.0
marker,하여는@4,-2.4906256,22.659544,60.0
marker,라하니라@13,13.277502,20.83688,59.0
marker,라하니라@4,-2.4714105,22.660295,59.0
marker,라하면@7,-2.888031,12.190902,59.0
marker,아@5,-12.685046,-4.6937475,59.0
marker,의@7,-2.870527,12.201422,59.0
marker,하노니@6,14.78002,1.5637221,59.0
marker,호대@11,-3.2418253,-4.138914,59.0
marker,니이다@13,13.239808,20.874357,58.0
marker,하다@3,3.59511,-0.3681591,58.0
marker,호대@12,9.313013,-14.435375,58.0
marker,라한대@15,-18.41031,6.1971617,57.0
marker,인댄@14,1.63978,-15.132059,57.0
marker,일새라@5,-12.682329,-4.698035,57.0
marker,하노라@2,-2.7783651,3.6724832,57.0
marker,하라@8,7.4087176,-1.6213949,57.0
marker,하소서@2,-2.7337282,3.6023388,57.0
marker,하시며@7,-2.930301,12.234774,57.0
marker,라하여@3,3.5326767,-0.30915076,56.0
marker,아@0,20.977848,5.3981113,56.0
marker,어시든@10,8.424289,-4.344467,56.0
marker,일새@5,-12.701473,-4.6758122,56.0
marker,하얀@14,1.6259149,-15.118523,56.0
marker,히@5,-12.687747,-4.6910906,56.0
marker,도@12,9.262099,-14.417691,55.0
marker,로다@0,20.984213,5.4033127,55.0
marker,로라@15,-18.399273,6.185418,55.0
marker,하나@9,13.832929,14.247106,55.0
marker,하라@2,-2.759504,3.6257098,55.0
marker,하시되@8,7.4263973,-1.6733749,55.0
marker,하신대@10,8.445107,-4.324961,55.0
marker,라야@10,8.450207,-4.3358526,54.0
marker,러라@12,9.324521,-14.473502,54.0
marker,리라@14,1.6069009,-15.095709,54.0
marker,하나니라@4,-2.5721812,22.588495,54.0
marker,하노니@9,13.879956,14.227592,54.0
marker,하신대@6,14.844672,1.6262884,54.0
marker,하신대@8,7.4034595,-1.6376858,54.0
marker,로소이다@7,-2.9808412,12.297594,53.0
marker,리잇고@8,7.461278,-1.6828432,53.0
marker,언마는@7,-3.014524,12.311028,53.0
marker,여@4,-2.6054323,22.555807,53.0
marker,일새라@2,-2.7731295,3.6391683,53.0
marker,하되@12,9.338148,-14.458613,53.0
marker,하되@5,-12.6599045,-4.7181916,53.0
marker,하시니이다@8,7.425665,-1.6671716,53.0
marker,호니@8,7.4050665,-1.6407756,53.0
marker,라하니라@12,9.276601,-14.460032,52.0
marker,잇가@9,13.773335,14.190966,52.0
marker,하나니@15,-18.441837,6.227184,52.0
marker,하여는@11,-3.2305167,-4.150199,52.0
marker,리라@10,8.48483,-4.2825975,51.0
marker,삿다@4,-2.6019337,22.55948,51.0
marker,아하니@7,-2.9335356,12.238097,51.0
marker,어니@14,1.6198428,-15.111025,51.0
marker,엔@13,13.142975,20.973543,51.0
marker,의@10,8.434742,-4.3032017,51.0
marker,일새@3,3.6257603,-0.39573497,51.0
marker,하시니라@7,-2.9937532,12.284338,51.0
marker,히@4,-2.5555782,22.60445,51.0
marker,라하시고@8,7.488338,-1.7472153,50.0
marker,라하여@9,13.830318,14.225049,50.0
marker,론@8,7.4666176,-1.727172,50.0
marker,리니@4,-2.5518713,22.606316,50.0
marker,여@15,-18.378105,6.1656785,50.0
marker,의@5,-12.707126,-4.6620345,50.0
marker,인저@3,3.6312644,-0.39986813,50.0
marker,하니잇고@8,7.5069623,-1.7670064,50.0
marker,하리이다@8,7.4755187,-1.7328507,50.0
