saseo,samgyeong,other,composite_score,saseo_purity,separation,marker_diff,p6_def_score
8.0,1.0,1.0,0.5016539063991494,0.4367196367763905,0.1464049378722036,0.5855,0.8677471235927254
7.0,1.0,1.0,0.5014280489489439,0.4367196367763905,0.14690408216466289,0.5855,0.8663445494994438
8.0,1.5,1.5,0.5011922272854725,0.4367196367763905,0.14634922471214806,0.5855,0.8659561202980732
8.0,1.5,1.2,0.5011278796738665,0.4367196367763905,0.1456207136726556,0.5855,0.8664272408911421
6.0,1.0,1.0,0.5010937433988483,0.4367196367763905,0.1473660991955132,0.5855,0.8645453102682114
8.0,1.5,1.0,0.5010734126637573,0.4367196367763905,0.1450867239559403,0.5855,0.8667433625674201
7.0,1.5,1.5,0.5009012661960973,0.4367196367763905,0.14673697194990848,0.5855,0.8644045287028121
7.0,1.5,1.2,0.5008553091753489,0.4367196367763905,0.1460327846960404,0.5855,0.8649248878736866
7.0,1.5,1.0,0.5008132478035126,0.4367196367763905,0.1455151097404422,0.5855,0.8652743173419394
8.0,2.0,2.0,0.5007709985008562,0.4367196367763905,0.14631718159864998,0.5855,0.8643032482731061
8.0,2.0,1.8,0.5007432549976342,0.4367196367763905,0.14590877482759357,0.5855,0.8646006810312746
8.0,2.0,1.5,0.5006892271130435,0.4367196367763905,0.14524372704134172,0.5855,0.8650496172791636
8.0,2.0,1.2,0.5006177282044912,0.4367196367763905,0.1445054170712342,0.5855,0.8655019316150622
5.0,1.0,1.0,0.5005947013413502,0.4367196367763905,0.14776182164038673,0.5855,0.8621534195933457
8.0,2.0,1.0,0.5005585959278657,0.4367196367763905,0.1439654494823925,0.5855,0.8658053700974017
6.0,1.5,1.5,0.5004954334348328,0.4367196367763905,0.14708171696220967,0.5855,0.8624364526454529
6.0,1.5,1.2,0.5004716145860726,0.4367196367763905,0.14640561857826537,0.5855,0.8630172756343564
6.0,1.5,1.0,0.5004445801353211,0.4367196367763905,0.14590706775275752,0.5855,0.8634076886568581
7.0,2.0,2.0,0.5004297834599052,0.4367196367763905,0.1466244924915558,0.5855,0.8626310772163965
7.0,2.0,1.8,0.5004127780079966,0.4367196367763905,0.1462298956682193,0.5855,0.8629576522320985
8.0,2.5,2.5,0.5003837716646972,0.4367196367763905,0.14629840173558503,0.5855,0.862773120791535
7.0,2.0,1.5,0.5003751367296818,0.4367196367763905,0.14558605886097298,0.5855,0.8634509239260859
8.0,2.5,2.0,0.5003279353931225,0.4367196367763905,0.14536576920137992,0.5855,0.8634824082394414
7.0,2.0,1.2,0.5003202980500385,0.4367196367763905,0.14486929569909884,0.5855,0.8639483323693866
8.0,2.5,1.8,0.5002959796170717,0.4367196367763905,0.14495183671629852,0.5855,0.8637685176203199
7.0,2.0,1.0,0.5002723673991271,0.4367196367763905,0.14434364350253928,0.5855,0.8642822619623006
8.0,2.5,1.5,0.5002356910184987,0.4367196367763905,0.1442789217782097,0.5855,0.8642002781641168
8.0,2.5,1.2,0.5001580599849546,0.4367196367763905,0.1435334910624093,0.5855,0.8646351847457404
8.0,2.5,1.0,0.5000949576730487,0.4367196367763905,0.14298937927304256,0.5855,0.8649268872874833
7.0,2.5,2.5,0.5000030836074886,0.4367196367763905,0.14654514457085518,0.5855,0.8610036257274306
8.0,3.0,2.5,0.49998879412347164,0.4367196367763905,0.14546354620818708,0.5855,0.8620280661540307
7.0,2.5,2.0,0.49997121354758917,0.4367196367763905,0.14564264666150673,0.5855,0.8617786433971812
6.0,2.0,2.0,0.499970577826774,0.4367196367763905,0.14688696189627598,0.5855,0.8605317852791514
6.0,2.0,1.8,0.499966285706818,0.4367196367763905,0.14650794484823473,0.5855,0.8608936338473687
7.0,2.5,1.8,0.499949088094643,0.4367196367763905,0.14524123472792214,0.5855,0.8620915535189811
6.0,2.0,1.5,0.49994812980922304,0.4367196367763905,0.14588828479083302,0.5855,0.8614406703143904
8.0,3.0,2.0,0.4999236186403154,0.4367196367763905,0.14451945497263488,0.5855,0.8627114554569583
5.0,1.5,1.2,0.4999232154024451,0.4367196367763905,0.14671443559844818,0.5855,0.8605148618796636
5.0,1.5,1.5,0.4999199945491448,0.4367196367763905,0.14735820868019467,0.5855,0.8598582053847158
5.0,1.5,1.0,0.4999146486201237,0.4367196367763905,0.146238216508178,0.5855,0.8609568138406481
6.0,2.0,1.2,0.49991322657024007,0.4367196367763905,0.14519645442158824,0.5855,0.8619928877277034
7.0,2.5,1.5,0.4999037700706017,0.4367196367763905,0.14458744525590703,0.5855,0.8625640708948311
8.0,3.0,1.8,0.4998879587665178,0.4367196367763905,0.14410122304919934,0.5855,0.8629870478852032
6.0,2.0,1.0,0.4998787860577029,0.4367196367763905,0.1446876326636657,0.5855,0.8623639474354774
7.0,2.5,1.2,0.4998413123731936,0.4367196367763905,0.14386127364837317,0.5855,0.8630404117127327
4.0,1.0,1.0,0.4998310023779224,0.4367196367763905,0.1480421227422694,0.5855,0.8588183226377517
8.0,3.0,1.5,0.49982218899207986,0.4367196367763905,0.1434223307259142,0.5855,0.8634028611107366
7.0,2.5,1.0,0.49978837815871424,0.4367196367763905,0.14332982913175366,0.5855,0.8633601193714348
8.0,3.0,1.2,0.4997392264606004,0.4367196367763905,0.14267173047483786,0.5855,0.8638216112358955
8.0,3.0,1.0,0.49967269940687775,0.4367196367763905,0.14212480849719852,0.5855,0.8641024249986438
8.0,3.5,2.5,0.49962505656105194,0.4367196367763905,0.14470995198110997,0.5855,0.8613267101314291
7.0,3.0,2.5,0.4995980790406923,0.4367196367763905,0.1456893139595638,0.5855,0.8602394380715369
7.0,3.0,2.0,0.4995549829724497,0.4367196367763905,0.14477287782126558,0.5855,0.8609834899368646
8.0,3.5,2.0,0.4995515490951439,0.4367196367763905,0.1437566561076797,0.5855,0.8619859761412273
7.0,3.0,1.8,0.49952835909948556,0.4367196367763905,0.14436606840297642,0.5855,0.8612838038632973
8.0,3.5,1.8,0.4995126002377912,0.4367196367763905,0.14333506030212134,0.5855,0.862251776517375
6.0,2.5,2.5,0.4995034093984913,0.4367196367763905,0.14674705196316806,0.5855,0.8588030214991285
6.0,2.5,2.0,0.499499608174378,0.4367196367763905,0.1458781940363235,0.5855,0.8596566745295201
6.0,2.5,1.8,0.49948905443352853,0.4367196367763905,0.1454909266358642,0.5855,0.8600017269665814
7.0,3.0,1.5,0.499476321478327,0.4367196367763905,0.1437045240310761,0.5855,0.8617371977505631
6.0,2.5,1.5,0.4994614376269164,0.4367196367763905,0.14485897494028824,0.5855,0.8605232114357089
8.0,3.5,1.5,0.4994419855357357,0.4367196367763905,0.14265163185118823,0.5855,0.8626527461600858
6.0,2.5,1.2,0.4994170369586465,0.4367196367763905,0.14415514397337872,0.5855,0.8610494397295384
7.0,3.0,1.2,0.49940723315728025,0.4367196367763905,0.14297123270422546,0.5855,0.8621941357932268
6.0,2.5,1.0,0.4993762835751884,0.4367196367763905,0.1436386440560607,0.5855,0.8614029261130242
5.0,2.0,1.5,0.4993572383929096,0.4367196367763905,0.14612893687100476,0.5855,0.8588364525689651
8.0,3.5,1.2,0.49935434409247254,0.4367196367763905,0.14189734866188858,0.5855,0.8630564635763329
5.0,2.0,1.8,0.49935193075918805,0.4367196367763905,0.14672111211061015,0.5855,0.8582230467944733
7.0,3.0,1.0,0.4993499722697351,0.4367196367763905,0.14243557424160852,0.5855,0.8625007507056633
5.0,2.0,1.2,0.49934649223832395,0.4367196367763905,0.14546587402225855,0.5855,0.8594565307993687
5.0,2.0,2.0,0.4993409816390933,0.4367196367763905,0.14708259888842995,0.5855,0.8578177635362747
5.0,2.0,1.0,0.49932850291193603,0.4367196367763905,0.144976770350392,0.5855,0.8598736771656836
8.0,4.0,2.5,0.4992878765930556,0.4367196367763905,0.14402262447403097,0.5855,0.860665317766523
8.0,3.5,1.0,0.4992848360582976,0.4367196367763905,0.14134863106008708,0.5855,0.8633271490414347
7.0,3.5,2.5,0.4992268315464712,0.4367196367763905,0.14491913825120664,0.5855,0.8595246238030095
8.0,4.0,2.0,0.49920688276021086,0.4367196367763905,0.14306190463663165,0.5855,0.8613020622725435
7.0,3.5,2.0,0.4991737325643234,0.4367196367763905,0.143991335153887,0.5855,0.8602400309717383
8.0,4.0,1.8,0.49916499312637663,0.4367196367763905,0.1426376839241005,0.5855,0.8615587244497375
7.0,3.5,1.8,0.4991431166845048,0.4367196367763905,0.14358020365426244,0.5855,0.860528698952088
4.0,1.5,1.0,0.4991322387875294,0.4367196367763905,0.14646888928753463,0.5855,0.8575965017309144
4.0,1.5,1.2,0.49911769932508016,0.4367196367763905,0.14691916020204904,0.5855,0.8570880729666028
6.0,3.0,2.5,0.49909216665106326,0.4367196367763905,0.1458738097988873,0.5855,0.8580312926736974
8.0,4.0,1.5,0.4990900667447472,0.4367196367763905,0.14195085717826916,0.5855,0.8619458456690512
7.0,3.5,1.5,0.49908513875873334,0.4367196367763905,0.1429125722382141,0.5855,0.8609644186650507
4.0,1.5,1.5,0.4990808632985155,0.4367196367763905,0.14752592087378985,0.5855,0.8563339681886035
6.0,3.0,2.0,0.4990747897844908,0.4367196367763905,0.14498828118267737,0.5855,0.8588473138236171
6.0,3.0,1.8,0.49905874627291413,0.4367196367763905,0.1445943951007863,0.5855,0.8591770258592019
6.0,3.0,1.5,0.4990228613471822,0.4367196367763905,0.14395269639952163,0.5855,0.8596751848575387
7.0,3.5,1.2,0.49901022372809767,0.4367196367763905,0.14217389823672766,0.5855,0.8614034325439944
8.0,4.0,1.2,0.49899829255279127,0.4367196367763905,0.1411940629892385,0.5855,0.862335543090258
6.0,3.0,1.2,0.49897020113362245,0.4367196367763905,0.14323953713375007,0.5855,0.8601777032690713
7.0,3.5,1.0,0.4989491860603129,0.4367196367763905,0.1416352230594457,0.5855,0.8616979570501372
8.0,4.0,1.0,0.498926174288976,0.4367196367763905,0.1406443477023844,0.5855,0.8625967853218511
6.0,3.0,1.0,0.49892398686156947,0.4367196367763905,0.14271721753345376,0.5855,0.8605151657811554
7.0,4.0,2.5,0.49888410347695167,0.4367196367763905,0.1442183020627634,0.5855,0.8588545477133747
5.0,2.5,1.8,0.49886770256662494,0.4367196367763905,0.14568207922855683,0.5855,0.8573251669062745
5.0,2.5,2.0,0.49886448711870157,0.4367196367763905,0.14605340183052734,0.5855,0.8569409825126102
5.0,2.5,1.5,0.4988612439656538,0.4367196367763905,0.145075005839744,0.5855,0.8579064058912028
5.0,2.5,1.2,0.498838566532132,0.4367196367763905,0.14439701977618286,0.5855,0.8584936822206766
5.0,2.5,2.5,0.49883506447593984,0.4367196367763905,0.14688478936232943,0.5855,0.8559919044097614
7.0,4.0,2.0,0.49882202601094106,0.4367196367763905,0.1432811558436586,0.5855,0.8595433840684369
5.0,2.5,1.0,0.4988125631911552,0.4367196367763905,0.1438980881657091,0.5855,0.858888600467243
7.0,4.0,1.8,0.4987878419819005,0.4367196367763905,0.14286654923681252,0.5855,0.8598212545591211
7.0,4.0,1.5,0.4987245755697566,0.4367196367763905,0.14219414462745503,0.5855,0.8602405935199028
6.0,3.5,2.5,0.49871722981982775,0.4367196367763905,0.14509029360722886,0.5855,0.8573150615404137
6.0,3.5,2.0,0.49868778506951494,0.4367196367763905,0.14419101472943294,0.5855,0.8580965614169581
6.0,3.5,1.8,0.4986668787849435,0.4367196367763905,0.1437917406908373,0.5855,0.858412210317268
7.0,4.0,1.2,0.4986445054954237,0.4367196367763905,0.14145145583072935,0.5855,0.8606630020192968
6.0,3.5,1.5,0.4986236941525788,0.4367196367763905,0.14314221637069843,0.5855,0.8588889961079481
3.0,1.0,1.0,0.49860675757814243,0.4367196367763905,0.14811837246535528,0.5855,0.8538450937155457
7.0,4.0,1.0,0.4985801498553185,0.4367196367763905,0.14091070562051147,0.5855,0.8609463296690939
6.0,3.5,1.2,0.4985637786233532,0.4367196367763905,0.14242174885327163,0.5855,0.8593698015084726
4.0,2.0,1.0,0.49853815940017876,0.4367196367763905,0.14517823435977048,0.5855,0.856510839109276
4.0,2.0,1.2,0.49853578295855905,0.4367196367763905,0.14564432541181635,0.5855,0.8560352422907515
4.0,2.0,1.5,0.4985168191614445,0.4367196367763905,0.14627431877368507,0.5855,0.8553293937404246
6.0,3.5,1.0,0.4985127940052019,0.4367196367763905,0.14189501515752556,0.5855,0.8596925967316132
4.0,2.0,1.8,0.49848284567749723,0.4367196367763905,0.14683536968750074,0.5855,0.8546324488908196
4.0,2.0,2.0,0.49845336532553375,0.4367196367763905,0.14717721452536076,0.5855,0.8541726826451054
5.0,3.0,2.0,0.49843787720100624,0.4367196367763905,0.14514904430030182,0.5855,0.8561389003720545
5.0,3.0,1.8,0.4984343374705294,0.4367196367763905,0.14476975136390394,0.5855,0.8565040343865451
5.0,3.0,2.5,0.4984250214715792,0.4367196367763905,0.14600009508698722,0.5855,0.8552364266676608
5.0,3.0,1.5,0.49841763002592127,0.4367196367763905,0.14415070680088174,0.5855,0.8570562491711347
5.0,3.0,1.2,0.49838460351428354,0.4367196367763905,0.14346089767688222,0.5855,0.8576139522485835
6.0,4.0,2.5,0.49837274513924246,0.4367196367763905,0.1443788670874768,0.5855,0.8566485493378244
5.0,3.0,1.0,0.4983516801348278,0.4367196367763905,0.14295431251675847,0.5855,0.857988843890884
6.0,4.0,2.0,0.49833249164220983,0.4367196367763905,0.14346812870104234,0.5855,0.8573982737361282
6.0,4.0,1.8,0.49830724586810504,0.4367196367763905,0.14306443334254607,0.5855,0.8577009859982057
6.0,4.0,1.5,0.49825756931256826,0.4367196367763905,0.14240859379204698,0.5855,0.8581581193265575
6.0,4.0,1.2,0.49819123538970655,0.4367196367763905,0.14168240696722859,0.5855,0.8586189704599293
6.0,4.0,1.0,0.49813605530416255,0.4367196367763905,0.1411523646306776,0.5855,0.858928292454304
5.0,3.5,2.5,0.49805355267990603,0.4367196367763905,0.14520844344060205,0.5855,0.8545422031473534
5.0,3.5,2.0,0.49805173781330087,0.4367196367763905,0.14434102612306676,0.5855,0.855402360998468
5.0,3.5,1.8,0.4980422348845649,0.4367196367763905,0.14395516297145355,0.5855,0.8557502124351376
4.0,2.5,1.2,0.4980288656025052,0.4367196367763905,0.1445588011466227,0.5855,0.8550930971317297
4.0,2.5,1.5,0.4980250850859247,0.4367196367763905,0.1452069799550006,0.5855,0.8544297962570296
4.0,2.5,1.0,0.4980209477891756,0.4367196367763905,0.1440804509907638,0.5855,0.85553977603427
5.0,3.5,1.5,0.49801650613329973,0.4367196367763905,0.14332634777664385,0.5855,0.8562761126248865
4.0,2.5,1.8,0.49800594730937014,0.4367196367763905,0.14578579728387112,0.5855,0.8537744278219408
4.0,2.5,2.0,0.49798615505897037,0.4367196367763905,0.14613920365230404,0.5855,0.8533418524519089
5.0,3.5,1.2,0.49797440965750706,0.4367196367763905,0.1426270511907594,0.5855,0.8568070233076002
5.0,3.5,1.0,0.4979354500232419,0.4367196367763905,0.14211445311775808,0.5855,0.8571637828435411
3.0,1.5,1.0,0.49792474269128234,0.4367196367763905,0.14653015592239368,0.5855,0.8527052507110671
4.0,2.5,2.5,0.49791696641923144,0.4367196367763905,0.1469290066833113,0.5855,0.8522752948619459
3.0,1.5,1.2,0.49788070030165044,0.4367196367763905,0.14695054487725004,0.5855,0.8521086921976831
3.0,1.5,1.5,0.49780125740540465,0.4367196367763905,0.14751534180590545,0.5855,0.8512261236840446
5.0,4.0,2.5,0.4977141552757621,0.4367196367763905,0.14449098262487636,0.5855,0.8539020743465036
5.0,4.0,2.0,0.4976992470017783,0.4367196367763905,0.14360977794110485,0.5855,0.8547236459343399
5.0,4.0,1.8,0.4976844391664387,0.4367196367763905,0.14321844207384282,0.5855,0.8550557504602434
5.0,4.0,1.5,0.4976507089343174,0.4367196367763905,0.1425815836596162,0.5855,0.8555576879459846
5.0,4.0,1.2,0.4976006043848609,0.4367196367763905,0.14187463579700485,0.5855,0.8560642176107702
4.0,3.0,1.5,0.49758927363840766,0.4367196367763905,0.1442739925838283,0.5855,0.8536195378381338
4.0,3.0,1.8,0.4975829855295809,0.4367196367763905,0.14486724548382593,0.5855,0.8530011325028289
4.0,3.0,1.2,0.497579951738075,0.4367196367763905,0.1436111884081517,0.5855,0.8542450544124798
4.0,3.0,2.0,0.49757160542295986,0.4367196367763905,0.1452301042514272,0.5855,0.8525927533087437
4.0,3.0,1.0,0.49756318490997714,0.4367196367763905,0.14312309855114133,0.5855,0.8546660769570986
5.0,4.0,1.0,0.4975563415554327,0.4367196367763905,0.14135731560927722,0.5855,0.8564044864807848
4.0,3.0,2.5,0.49752288565016356,0.4367196367763905,0.14604280920514878,0.5855,0.8515851692638366
3.0,2.0,1.0,0.4973548580865148,0.4367196367763905,0.14523645704566765,0.5855,0.8517194111687229
3.0,2.0,1.2,0.4973268625459073,0.4367196367763905,0.1456758556950265,0.5855,0.8511680303569341
3.0,2.0,1.5,0.4972707989291738,0.4367196367763905,0.1462680886202985,0.5855,0.850351542964728
4.0,3.5,1.8,0.4972032388356237,0.4367196367763905,0.14404878726337791,0.5855,0.8523006039474481
3.0,2.0,1.8,0.49720130630998816,0.4367196367763905,0.14679416300587572,0.5855,0.8495474981024085
4.0,3.5,2.0,0.49719924358594847,0.4367196367763905,0.14441951977227174,0.5855,0.8519138904398535
4.0,3.5,1.5,0.4971982753563748,0.4367196367763905,0.14344359764189615,0.5855,0.8528859396519344
4.0,3.5,1.2,0.4971775242948825,0.4367196367763905,0.1427688468893648,0.5855,0.8534776861584966
4.0,3.5,2.5,0.4971685445091613,0.4367196367763905,0.14525144026995437,0.5855,0.8509591736350222
4.0,3.5,1.0,0.49715306985240876,0.4367196367763905,0.14227291769125833,0.5855,0.853875797586708
3.0,2.0,2.0,0.4971489985469456,0.4367196367763905,0.14711418908945856,0.5855,0.849018240966655
3.0,2.5,1.0,0.4968654208555896,0.4367196367763905,0.14413978014205064,0.5855,0.8508583391486392
4.0,4.0,2.0,0.49686157017869315,0.4367196367763905,0.14368688851736444,0.5855,0.8512958280657396
4.0,4.0,1.8,0.4968590290918624,0.4367196367763905,0.14330951953013413,0.5855,0.851663032705647
3.0,2.5,1.2,0.49685088606348327,0.4367196367763905,0.14459413718218006,0.5855,0.8503458429400844
4.0,4.0,2.5,0.49684686816370394,0.4367196367763905,0.14453514258570224,0.5855,0.850388765937445
4.0,4.0,1.5,0.49684413331471455,0.4367196367763905,0.14269435548675055,0.5855,0.8522186136404392
3.0,2.5,1.5,0.4968145001699015,0.4367196367763905,0.14520811553304488,0.5855,0.8495863210148924
4.0,4.0,1.2,0.49681333346230017,0.4367196367763905,0.14200976651291536,0.5855,0.8527800032046168
4.0,4.0,1.0,0.4967821487858186,0.4367196367763905,0.14150749593904902,0.5855,0.853157535072557
3.0,2.5,1.8,0.49676406120042005,0.4367196367763905,0.1457550256222338,0.5855,0.848837655047778
3.0,2.5,2.0,0.49672411407610273,0.4367196367763905,0.14608843107450012,0.5855,0.8483444610982422
3.0,2.5,2.5,0.49660692497462305,0.4367196367763905,0.1468324363324042,0.5855,0.8471316994344196
2.0,1.0,1.0,0.4964774303584598,0.4367196367763905,0.1478122515659632,0.5855,0.8456339057362076
3.0,3.0,1.0,0.4964370483139097,0.4367196367763905,0.14318487064449942,0.5855,0.8500997584794707
3.0,3.0,1.2,0.49643398848063686,0.4367196367763905,0.14365131625300973,0.5855,0.8496210735378691
3.0,3.0,1.5,0.4964144357526793,0.4367196367763905,0.1442830256618243,0.5855,0.8489111532172243
3.0,3.0,1.8,0.49638035134742065,0.4367196367763905,0.1448470544167254,0.5855,0.8482107868412885
3.0,3.0,2.0,0.4963510390518633,0.4367196367763905,0.14519150321997604,0.5855,0.8477490888558082
3.0,3.0,2.5,0.4962595184089894,0.4367196367763905,0.1459618232591437,0.5855,0.8466126862451455
2.0,1.5,1.0,0.49592028047408354,0.4367196367763905,0.14628936176251328,0.5855,0.8449281960021521
2.0,1.5,1.2,0.4958380476382892,0.4367196367763905,0.1466761104992278,0.5855,0.8442125159222603
2.0,1.5,1.5,0.49570401964946803,0.4367196367763905,0.14719453414260014,0.5855,0.8431579803236036
2.0,2.0,1.0,0.4954637853108568,0.4367196367763905,0.1450480281144072,0.5855,0.8443435489973515
2.0,2.0,1.2,0.4954032939905539,0.4367196367763905,0.14545693403773174,0.5855,0.8436926777928153
2.0,2.0,1.5,0.4953006332959793,0.4367196367763905,0.1460067896366523,0.5855,0.8427321794155965
2.0,2.0,1.8,0.4951870179846155,0.4367196367763905,0.14649434338889467,0.5855,0.8417901644178989
2.0,2.0,2.0,0.495106601278381,0.4367196367763905,0.14679067980969412,0.5855,0.8411721611721612
1.0,1.0,1.0,0.49216277918388573,0.4367196367763905,0.14669134458653973,0.5855,0.8294962080173348
