,p0,p1,p2,p3,p4,p5,p6,p7,p8,p9,p10,p11,p12,p13,p14,p15
라,0.05235153,0.058265034,0.042226706,0.17778338,0.08614298,0.051897615,0.025293153,0.09910478,0.046475854,0.042314965,0.033942755,0.08589081,0.044433236,0.057369813,0.027714033,0.06879334
는,0.055903193,0.03893002,0.019966563,0.23014091,0.10007165,0.067144334,0.013661332,0.09327283,0.039152935,0.03217897,0.020937823,0.06668259,0.059103575,0.06298862,0.027927713,0.07193695
하고,0.07683452,0.10977761,0.038723424,0.0125894,0.050920937,0.071568534,0.061795827,0.04541001,0.097188205,0.07115215,0.08055746,0.057460565,0.03549035,0.05787695,0.027579112,0.10507495
하니,0.0804206,0.10110101,0.04022486,0.02050565,0.046050332,0.054642897,0.06361412,0.08738203,0.07590586,0.068332754,0.10858674,0.062041245,0.039642315,0.046050332,0.026884539,0.078614704
하여,0.085462324,0.08669433,0.044546753,0.018155882,0.06766308,0.05651018,0.044514332,0.08228505,0.094216056,0.06957593,0.06263779,0.0728829,0.037089873,0.0432499,0.01439502,0.12012061
하야,0.07293525,0.16112219,0.034491204,0.0031482843,0.012907965,0.06251093,0.078462236,0.004232693,0.10221429,0.102599084,0.13425682,0.04827369,0.025466122,0.040472943,0.023192361,0.093713924
에,0.07978314,0.14553647,0.038646106,0.017876113,0.03538591,0.06505733,0.089930035,0.031429723,0.07088172,0.09337338,0.07157771,0.044763543,0.043737866,0.05952599,0.0443606,0.06813437
가,0.1045327,0.10261043,0.027373035,0.0132636195,0.052439354,0.06439583,0.05789858,0.04032909,0.07669832,0.06416516,0.114182465,0.05374649,0.049632847,0.054361615,0.020299105,0.10407136
니,0.046930574,0.036860824,0.01653656,0.11446256,0.117926925,0.06734722,0.01376507,0.12393182,0.058247495,0.028869694,0.038662292,0.09677121,0.05233498,0.075430736,0.029701142,0.08222089
요,0.055308145,0.048843555,0.02303309,0.14155054,0.11621893,0.06517263,0.015371354,0.1139683,0.06727961,0.033232775,0.018436048,0.076617345,0.05640952,0.062203705,0.029976536,0.07637791
면,0.043902438,0.022162,0.015296597,0.008130081,0.09978922,0.0712436,0.013369467,0.07570009,0.12363746,0.0127070155,0.07052093,0.16326408,0.05739235,0.09328516,0.0036735923,0.12592593
로,0.09392342,0.09142619,0.028232519,0.019908436,0.06506659,0.071309656,0.037527747,0.064997226,0.08004995,0.050083242,0.05410655,0.077067144,0.06437292,0.058615427,0.018521087,0.1247919
하다,0.030863555,0.14808272,0.007274239,0.0042606257,0.0007274239,0.022654058,0.20783539,0.001039177,0.030551802,0.14340642,0.24690844,0.0084173335,0.0073781563,0.011846618,0.12220721,0.006546815
나,0.093449384,0.07214842,0.038364638,0.0059551075,0.06058177,0.06447549,0.026568942,0.05989464,0.08543289,0.020842876,0.04683921,0.15403114,0.07489693,0.06516262,0.008932661,0.12242327
어늘,0.08510349,0.09694989,0.03267974,0.003267974,0.013752723,0.046977125,0.10157952,0.0375817,0.07421024,0.08374183,0.18355119,0.04561547,0.04793028,0.047521785,0.021105664,0.078431375
니라,0.1112402,0.040807437,0.02788266,0.012924775,0.100929424,0.047487658,0.01989544,0.033981994,0.045599766,0.0127795525,0.042259656,0.13796107,0.15466163,0.10034853,0.010165554,0.10107464
니이다,0.08085672,0.055952184,0.01510875,0.0014942719,0.023742322,0.13614477,0.011954175,0.010459904,0.19574963,0.025568653,0.065415904,0.097293705,0.019923626,0.044330068,0.0059770877,0.21002823
하며,0.07305936,0.0635887,0.051412143,0.015051581,0.0788094,0.089125656,0.023845764,0.044985626,0.11128023,0.029595805,0.028242854,0.060206324,0.07830205,0.10231693,0.0143751055,0.13580246
를,0.07008547,0.08034188,0.02697056,0.02431149,0.06362773,0.1002849,0.02431149,0.0334283,0.113010444,0.037416905,0.03760684,0.09591643,0.07958215,0.08129155,0.009496676,0.12231719
아,0.07742681,0.041217256,0.06163328,0.021956857,0.039483823,0.0577812,0.021379044,0.0240755,0.05489214,0.010208013,0.08416795,0.19241141,0.0961094,0.08590139,0.006355932,0.125
러니,0.08002867,0.21667463,0.034878165,0.0031055901,0.0038222647,0.028189203,0.13569039,0.006688963,0.060917344,0.116817966,0.16268514,0.020544672,0.027233636,0.021022456,0.04300048,0.03870043
라하니,0.079539895,0.07366618,0.036221243,0.029368576,0.04307391,0.052618697,0.041360743,0.047723934,0.06020558,0.08002937,0.098139994,0.05335291,0.10058737,0.08908468,0.021536956,0.09348997
하니라,0.07659995,0.20681986,0.04818384,0.03236966,0.02347418,0.043489005,0.100815415,0.04694836,0.053125773,0.103533484,0.061032865,0.038547073,0.035334814,0.035334814,0.054361254,0.040029652
리오,0.068100356,0.030328095,0.037496552,0.0035842294,0.05955335,0.043837883,0.019299697,0.038875103,0.07278743,0.007168459,0.10835401,0.20678246,0.0802316,0.06892749,0.005514199,0.14915909
와,0.093542546,0.15117683,0.06246228,0.010561256,0.070006035,0.09776705,0.025950514,0.037417017,0.08207604,0.052806277,0.020820761,0.04013277,0.049487025,0.06668679,0.036511768,0.10259505
한대,0.06049496,0.14237702,0.010082494,0.0018331805,0.003360831,0.029330889,0.15398717,0.0024442407,0.038496792,0.120073326,0.32233426,0.006110602,0.038496792,0.022609226,0.03208066,0.015887564
오,0.08984254,0.044766903,0.038900897,0.022229083,0.04507564,0.0629824,0.040444583,0.0339611,0.0629824,0.01698055,0.1589997,0.09663476,0.0629824,0.10003088,0.034269836,0.08891633
로되,0.1070529,0.0988665,0.03463476,0.007871537,0.041876573,0.063602015,0.035894208,0.07430731,0.078085646,0.039042823,0.0604534,0.0906801,0.0784005,0.056989923,0.011964736,0.12027708
하면,0.04641169,0.037387192,0.023635583,0.0047271163,0.08422862,0.06532016,0.012462398,0.15298668,0.16931672,0.029651912,0.053287495,0.08079072,0.05070907,0.0601633,0.0021486892,0.12677267
라도,0.058041647,0.031900752,0.028356224,0.000886132,0.042977404,0.08817014,0.014621179,0.022153301,0.14311032,0.011519716,0.058927782,0.18077093,0.07443509,0.10190518,0.000886132,0.14133807
라하고,0.0715048,0.11632871,0.027748132,0.017609391,0.014407684,0.049626466,0.084311634,0.026680896,0.065101385,0.08484525,0.19156884,0.031483456,0.06616862,0.06456777,0.032550693,0.055496264
라가,0.061616734,0.23063877,0.04522329,0.0067834933,0.0062182024,0.028264556,0.14301865,0.012436405,0.07066139,0.113623515,0.14527982,0.03448276,0.016393442,0.0254381,0.027133973,0.032786883
하시니,0.12508143,0.076221496,0.01237785,0.0006514658,0.038436484,0.057980455,0.0247557,0.026710099,0.04299674,0.024104234,0.06775244,0.048208468,0.17459284,0.05081433,0.014983714,0.21433225
리라,0.05913272,0.042049933,0.02693824,0.0032851512,0.0978975,0.03942181,0.03285151,0.0565046,0.075558476,0.010512483,0.15505913,0.18199737,0.0630749,0.07095926,0.0072273323,0.077529564
며,0.056858566,0.039090265,0.03482587,0.029140014,0.096659556,0.07391614,0.012793177,0.09950249,0.08955224,0.033404406,0.022743426,0.10660981,0.06325515,0.075337596,0.03127221,0.13503909
라하니라,0.06488825,0.06993511,0.047584716,0.049026676,0.06560923,0.047584716,0.03172314,0.12112473,0.05695746,0.06560923,0.05407354,0.08291276,0.08219178,0.07281903,0.021629415,0.06633021
어든,0.04579025,0.03323486,0.029542098,0.0088626295,0.035450518,0.11742984,0.035450518,0.01846381,0.14032497,0.016248154,0.08788774,0.12850812,0.070901036,0.13367799,0.0014771048,0.09675037
로다,0.054855447,0.057820607,0.1452928,0.022238696,0.04521868,0.044477392,0.026686434,0.016308377,0.032616753,0.014825797,0.085989624,0.123795405,0.13194959,0.09266123,0.008895478,0.09636768
호되,0.069402985,0.2,0.029850746,0.012686567,0.016417911,0.08358209,0.06044776,0.012686567,0.123880595,0.07462686,0.1261194,0.03880597,0.029104477,0.05149254,0.013432836,0.057462685
러라,0.0469592,0.2817552,0.037721325,0.0038491148,0.0023094688,0.080061585,0.09853733,0.0023094688,0.093148574,0.116243266,0.08468052,0.023864511,0.016936105,0.03156274,0.022324866,0.05773672
하나니,0.03388495,0.009456265,0.016548464,0.012608353,0.19227739,0.06304176,0.0031520883,0.06540583,0.066981874,0.0023640662,0.028368793,0.12765957,0.07249803,0.10480694,0.0023640662,0.19858156
엔,0.09928515,0.043685466,0.021445591,0.008737093,0.06115965,0.10325655,0.0023828435,0.111199364,0.13741064,0.019857028,0.019062748,0.07545671,0.043685466,0.08816521,0.012708499,0.15250199
하라,0.02020202,0.056397308,0.041245792,0.018518519,0.012626262,0.07491583,0.046296295,0.0042087543,0.1010101,0.014309764,0.30723906,0.12710437,0.034511786,0.06734007,0.01010101,0.06397306
하사,0.11737089,0.118309855,0.02347418,0.0,0.025352113,0.09577465,0.01971831,0.008450705,0.050704226,0.024413146,0.0600939,0.03380282,0.065727696,0.061032865,0.018779343,0.2769953
할새,0.025072323,0.23529412,0.026036644,0.0038572806,0.0038572806,0.027965285,0.114754096,0.0038572806,0.04628737,0.16972035,0.18997107,0.009643202,0.027000964,0.040501446,0.06364513,0.012536162
도,0.08964144,0.08864542,0.025896415,0.010956176,0.045816734,0.092629485,0.03486056,0.037848607,0.08565737,0.022908367,0.042828687,0.102589644,0.09163347,0.07669323,0.008964144,0.14243028
잇가,0.08629441,0.04365482,0.010152284,0.004060914,0.009137056,0.10862944,0.0060913707,0.0060913707,0.13401015,0.010152284,0.093401015,0.13197969,0.088324875,0.05786802,0.005076142,0.20507614
하니이다,0.11890244,0.11585366,0.025406504,0.0010162601,0.009146341,0.104674794,0.055894308,0.011178861,0.17479675,0.05792683,0.05792683,0.048780486,0.013211383,0.031504065,0.008130081,0.16565041
어니와,0.061269145,0.02844639,0.015317286,0.0021881838,0.066739604,0.065645516,0.030634573,0.04595186,0.08315098,0.009846827,0.117067836,0.17177244,0.12035011,0.0809628,0.0054704593,0.095185995
하되,0.06097561,0.14079823,0.032150775,0.0044345898,0.015521064,0.0864745,0.044345897,0.014412417,0.18514413,0.03880266,0.05986696,0.076496676,0.07538803,0.037694015,0.007760532,0.11973392
