,라,하고,하여,하니,에,이,는,하야,하다,은,이라,니,로,요,이요,이면,면,이니,니라,하며,가,어늘,한대,아,이나,이어늘,니이다,하니라,으로,러니,이러니,나,를,오,리오,하면,을,호되,로다,라하니,과,로되,이니이다,이니라,러라,할새,이라하니,와,리라,하시니
之,12146,8077,6518,6918,5268,4854,5038,4207,3365,3239,2659,3050,1283,2553,1387,1179,2149,1423,1863,929,1216,1008,1070,929,505,367,1294,773,818,898,232,713,957,527,731,614,766,269,406,448,749,461,309,236,452,169,177,648,235,424
不,5790,5680,2550,4043,368,824,1672,1799,1226,833,2825,1229,351,1252,1144,1759,1284,951,1359,1021,293,544,174,1044,637,534,981,484,139,305,404,490,194,194,339,284,110,59,245,334,78,242,433,446,260,9,261,59,353,183
以,4982,5320,2989,4432,630,790,1551,2078,2240,608,1955,1035,3326,1044,782,809,866,678,922,617,294,496,653,487,295,399,689,545,1737,398,324,251,200,220,329,366,104,159,131,255,127,176,300,250,149,78,230,75,126,256
也,25115,309,127,344,1036,43,688,203,65,214,62,4796,120,3774,9,12,146,19,2803,97,73,496,6,193,13,4,2019,128,0,103,1,253,49,809,308,11,6,4,338,379,2,316,7,22,185,2,5,45,231,22
而,6499,4363,2646,5573,1114,1293,2559,2227,1262,1092,2130,1368,362,1083,537,1426,1464,663,1284,891,434,346,216,790,140,280,808,511,134,276,199,156,311,249,302,349,180,89,103,231,96,105,296,287,170,49,136,75,254,294
其,4625,4205,3316,2789,1533,1611,1593,2402,870,765,1699,929,397,870,570,863,796,540,754,599,421,281,268,841,318,205,486,438,254,187,164,258,286,263,358,315,228,97,287,153,132,143,210,180,116,53,98,103,196,100
爲,3153,3667,2737,2715,686,658,980,1758,2234,386,1500,735,181,794,702,379,414,540,517,292,245,309,329,453,247,253,374,326,33,375,318,204,133,189,256,93,63,118,89,192,55,157,154,141,134,38,158,45,100,90
者,3302,1126,803,1122,934,194,9724,636,142,138,478,884,325,668,266,157,707,145,520,173,787,271,66,409,61,83,383,115,34,160,44,155,831,193,97,77,28,29,58,123,18,187,34,45,123,15,39,64,57,24
人,2084,1791,1678,1678,893,2819,949,1233,910,1583,1249,548,182,378,561,600,352,589,296,225,233,220,192,288,231,262,153,179,326,99,174,126,140,69,119,103,224,107,64,87,124,129,79,107,67,35,102,44,46,53
於,2291,2494,1719,2424,2983,328,677,1374,586,232,891,470,112,402,337,470,425,314,369,285,146,229,236,356,233,219,234,213,19,178,176,211,116,52,161,103,49,61,58,84,77,111,135,118,50,108,39,67,85,68
子,1582,1685,1346,1547,1094,943,1819,1211,1250,506,423,418,349,327,157,164,318,191,242,112,364,183,370,243,109,139,74,150,180,172,147,137,108,101,80,47,84,69,122,124,60,96,25,41,29,77,56,69,45,133
有,2510,1949,1288,2845,790,422,671,947,275,273,1186,598,135,489,339,682,777,327,402,407,198,349,91,380,366,258,303,255,46,154,163,362,140,39,287,105,51,105,100,106,79,184,97,92,68,11,99,79,105,73
曰,505,134,68,110,159,567,322,45,31,169,406,174,25,277,267,29,31,190,47,19,341,19,7,52,29,13,21,13,7,3,8,34,11,49,17,8,6,14,13,123,19,8,16,21,1,0,104,15,1,6
所,3221,980,943,932,476,584,1507,599,115,482,730,842,152,710,427,310,289,442,594,120,254,175,44,181,143,119,455,77,94,53,67,139,271,49,119,83,167,25,63,66,82,101,105,82,51,9,34,95,56,27
則,2481,1988,934,726,284,676,387,479,22,219,783,769,75,807,633,38,30,495,478,189,178,124,3,122,116,44,195,42,38,13,12,116,184,79,116,10,165,12,39,114,42,40,112,108,28,2,73,39,286,21
下,1225,1213,1322,1272,708,520,1072,800,223,302,361,354,272,264,137,185,228,147,198,158,223,184,77,119,74,69,232,117,82,105,48,126,158,34,67,79,72,48,25,59,44,75,60,54,48,23,19,48,51,114
大,1473,1314,1426,1117,445,836,665,745,877,406,458,347,137,328,230,148,172,161,144,115,199,149,111,85,84,114,93,132,126,64,63,94,87,27,40,49,53,46,40,52,61,61,37,35,41,58,33,78,37,35
王,749,1066,1175,708,770,2656,364,492,906,569,315,175,192,119,110,101,77,79,69,49,129,119,185,59,62,128,49,57,233,66,90,35,36,28,21,33,55,31,16,36,144,25,16,16,9,49,54,61,6,71
無,1622,1301,765,1282,132,140,329,473,130,128,685,290,90,359,325,328,313,220,301,260,65,127,26,230,151,103,293,131,32,88,54,153,58,39,61,43,25,18,70,92,19,81,146,89,98,3,51,23,134,29
公,607,1026,547,923,731,1340,282,979,1246,528,320,134,157,141,128,98,70,84,61,52,88,79,200,74,63,86,29,83,121,103,85,51,40,27,23,28,48,57,46,38,57,43,13,18,38,67,44,35,23,30
可,2389,449,313,417,78,87,289,217,98,65,632,596,68,644,466,118,160,392,637,57,47,145,25,688,114,62,565,38,23,38,24,180,61,87,197,13,20,15,252,173,13,104,135,127,32,4,70,16,162,13
天,1166,1044,1005,781,718,661,741,676,143,363,399,376,181,321,229,164,184,164,189,126,206,143,37,151,83,86,185,61,107,62,36,109,142,20,68,43,79,30,28,63,47,65,69,60,16,20,44,49,46,103
言,1439,775,790,774,370,682,616,385,104,467,552,203,73,219,234,282,176,173,123,109,99,72,111,102,170,110,55,121,73,43,61,94,59,65,30,189,95,299,37,43,24,36,43,43,22,7,58,13,26,45
此,1911,312,443,782,329,260,1735,308,20,468,269,339,153,308,119,140,468,138,486,23,78,140,15,149,46,31,480,263,33,26,3,87,67,94,114,126,61,11,50,75,6,61,30,36,59,3,17,6,50,50
自,964,884,1000,798,199,293,265,666,514,125,388,234,1012,199,148,183,147,155,147,79,64,130,74,98,78,126,103,90,518,66,76,59,40,38,37,56,33,46,24,47,14,28,44,52,45,40,40,13,55,22
故,1267,526,389,496,270,259,188,288,233,75,668,160,4829,152,109,55,70,108,130,45,60,39,78,28,43,16,90,246,28,38,31,49,40,73,14,15,29,5,8,51,13,19,13,26,29,8,30,20,2,12
是,1675,367,631,337,1785,198,523,299,149,43,342,421,1430,345,155,83,258,187,317,40,65,74,4,158,30,35,117,101,23,22,18,59,34,66,66,30,14,9,58,61,13,45,21,52,21,8,20,12,26,25
事,1182,983,772,848,613,190,661,632,361,101,237,322,145,262,75,147,251,88,99,120,124,134,109,95,59,27,126,107,27,113,47,118,240,50,59,78,35,35,23,39,26,55,26,20,43,32,20,47,18,32
一,771,719,526,662,968,279,213,504,118,303,499,253,98,241,262,365,211,248,151,65,64,62,27,66,84,87,107,67,89,38,38,64,50,18,37,106,52,25,11,27,64,47,34,43,25,2,25,25,16,22
與,679,745,689,857,277,383,358,541,332,190,423,172,533,132,83,112,163,98,112,87,110,83,95,161,74,61,72,79,586,122,121,44,59,39,82,37,34,46,28,35,40,40,33,39,39,77,26,43,22,34
得,1105,984,716,893,177,166,244,538,228,117,579,247,80,227,173,298,269,174,193,81,38,67,26,246,102,58,133,99,27,50,114,92,41,25,141,73,46,20,31,53,23,31,70,53,34,6,36,15,82,20
至,871,653,1223,958,864,196,236,740,323,112,236,190,62,136,73,147,190,59,131,69,55,119,55,58,54,88,100,62,28,60,45,69,30,28,38,52,22,25,20,37,37,83,39,23,29,7,13,30,44,24
君,745,669,529,624,478,751,719,514,144,478,277,246,99,160,187,230,187,116,115,79,113,63,43,135,69,70,69,56,95,22,17,45,52,71,38,29,56,18,45,38,40,32,23,29,15,7,32,32,18,23
矣,3277,15,14,43,32,19,33,29,2,3,5,961,8,554,2,0,89,1,725,3,1,235,5,29,23,0,396,7,0,64,0,196,8,46,25,0,1,0,488,140,1,260,3,2,113,0,0,0,829,4
使,468,1181,901,754,215,285,130,677,742,64,109,100,506,104,47,211,238,61,62,83,68,91,338,78,29,83,88,55,596,121,77,29,33,22,15,57,23,53,13,26,19,15,42,10,23,20,17,18,6,33
中,560,907,980,792,692,603,269,454,468,290,406,159,112,122,190,170,61,136,66,75,65,43,71,38,69,110,32,67,183,42,103,31,31,8,9,25,31,29,15,17,52,14,20,26,18,23,26,26,14,17
能,1178,839,714,660,43,118,321,402,87,95,458,250,76,218,189,296,349,173,202,108,36,87,9,350,120,55,124,63,43,36,62,106,38,27,237,52,22,16,32,39,17,64,37,50,56,2,33,13,58,10
上,522,941,989,814,341,998,280,436,177,392,331,125,82,121,131,151,76,127,52,103,48,60,114,26,43,81,37,73,86,27,52,20,36,5,8,42,35,141,7,17,29,20,19,31,21,28,23,24,4,32
如,1081,523,456,818,186,149,270,344,334,137,251,127,34,163,98,182,531,100,189,122,50,93,35,95,56,22,109,198,9,36,20,65,46,288,75,47,30,7,68,59,18,61,38,30,69,18,27,23,20,47
然,718,517,602,514,855,270,433,454,171,195,417,123,64,87,90,293,104,110,133,51,80,47,14,147,1472,49,88,65,19,26,34,126,50,43,31,33,25,16,21,15,12,16,40,52,42,5,16,11,24,23
謂,1548,178,194,131,80,238,477,102,1,130,360,351,34,322,271,36,33,241,181,13,73,32,8,121,21,12,110,8,21,24,17,47,45,75,38,3,16,59,125,63,16,38,17,27,7,0,41,16,3,5
皆,1300,779,609,910,60,71,53,358,579,34,558,287,74,201,161,56,46,179,157,58,12,137,49,22,77,121,116,168,32,69,68,80,7,6,4,8,4,85,9,40,7,125,56,42,111,8,39,7,29,9
將,340,747,1150,506,420,864,86,447,461,188,166,105,93,68,63,64,70,70,47,23,85,122,195,110,40,107,33,24,140,152,89,28,15,81,67,15,18,41,22,35,37,15,37,14,13,166,26,21,85,18
知,1217,927,338,454,119,178,324,356,133,75,252,192,50,279,121,137,213,68,258,99,61,78,25,149,75,30,166,32,16,92,39,144,14,52,101,27,8,8,85,42,37,85,27,24,54,9,17,34,40,10
臣,411,503,474,445,371,964,382,518,76,477,244,118,109,93,123,118,63,119,38,54,88,57,50,44,78,58,179,17,175,22,37,53,35,16,14,31,48,39,8,25,55,17,52,21,3,38,31,33,4,33
三,361,562,460,530,1176,336,386,295,254,399,526,122,102,128,224,95,61,173,42,38,53,46,44,24,54,61,44,57,72,27,64,32,40,13,7,26,50,42,14,20,85,24,21,14,23,12,23,40,6,15
二,415,427,475,504,1411,251,496,266,169,165,579,129,119,188,235,76,68,117,50,20,63,39,38,19,42,37,38,47,90,25,40,36,43,17,10,44,28,15,12,9,64,27,17,16,17,4,9,78,5,6
十,407,393,346,348,2235,201,111,231,156,103,849,99,83,145,305,73,31,178,23,26,31,31,21,10,32,34,22,43,68,29,65,10,18,1,2,20,30,19,1,14,141,28,23,17,41,4,18,82,2,10
年,326,225,176,237,2528,113,57,173,86,102,1503,48,94,40,305,68,21,70,13,18,15,17,20,11,35,31,19,37,41,19,42,17,11,3,2,9,25,18,4,12,26,23,17,15,28,8,21,3,8,3
行,634,646,645,516,399,274,209,462,285,241,279,146,35,125,124,219,128,115,69,116,50,47,67,55,63,67,60,51,32,38,57,39,58,10,18,46,43,28,17,25,30,27,37,35,11,32,33,6,21,39
道,1063,627,670,485,222,198,637,311,119,93,176,290,106,259,62,82,213,56,179,57,84,69,35,69,31,39,67,49,29,34,32,78,55,19,43,36,21,18,22,34,12,38,9,11,11,21,13,25,23,13
國,410,598,526,553,383,562,250,344,260,291,302,130,55,89,146,130,69,141,59,63,81,66,32,50,49,91,70,55,64,23,48,34,58,21,24,17,52,19,17,22,35,25,27,42,7,12,27,29,12,16
後,543,363,328,462,1928,244,268,281,151,88,210,134,172,105,53,58,112,66,128,57,74,47,38,46,17,30,47,61,27,33,33,28,38,14,24,17,15,10,25,40,9,22,16,26,21,21,16,24,25,12
夫,519,560,322,264,317,317,949,276,298,478,120,138,134,107,74,109,129,50,52,64,143,49,43,74,30,31,24,36,81,20,20,34,44,21,57,10,31,20,34,27,52,43,16,5,9,18,6,66,9,39
今,358,524,525,720,732,536,488,358,8,323,140,96,101,76,65,140,151,51,37,16,111,57,5,58,72,52,47,76,92,1,4,77,43,22,13,98,28,10,17,19,14,53,18,7,0,2,11,19,7,37
亦,1512,247,340,471,40,82,34,228,160,28,442,314,39,140,77,13,23,153,340,48,16,70,17,278,47,34,194,98,25,37,43,63,7,19,64,4,8,29,100,42,9,50,61,86,58,1,31,5,111,22
在,622,486,529,855,558,107,206,237,51,105,353,180,49,152,144,97,97,100,133,79,41,74,20,55,49,65,81,85,11,55,44,44,49,47,26,42,11,7,46,46,13,30,39,35,12,11,50,8,15,23
于,306,730,536,868,178,107,137,510,1157,99,180,72,28,31,35,38,47,45,26,117,45,60,93,18,31,61,12,86,11,63,57,26,12,5,7,34,7,20,60,38,10,13,6,17,2,79,45,11,4,43
相,555,586,630,687,205,324,137,419,226,143,269,109,44,71,64,79,74,91,80,107,45,49,56,48,56,70,48,67,28,37,88,31,23,14,19,37,21,31,7,20,26,41,18,20,26,17,19,20,12,20
月,125,128,98,141,5225,47,49,85,122,82,137,33,81,32,35,35,10,41,12,27,6,13,5,4,4,14,7,23,20,9,5,6,7,1,2,6,16,3,2,3,10,6,10,7,3,2,14,6,4,1
時,678,317,647,323,1630,288,168,478,35,51,165,148,83,119,40,53,112,46,71,75,61,47,12,38,41,25,53,32,22,25,27,67,39,15,16,31,11,22,9,20,14,37,9,13,22,8,17,16,3,9
見,661,916,320,552,256,190,128,266,101,90,321,104,34,91,103,103,79,96,95,56,55,50,96,48,52,59,40,167,18,27,44,26,22,7,19,46,17,19,30,27,21,27,25,34,24,24,22,14,28,10
非,1486,195,149,134,44,83,96,104,6,43,288,329,28,487,253,321,318,168,290,45,31,63,3,184,72,35,251,8,11,9,5,99,36,41,30,2,9,4,29,40,12,99,32,14,4,0,10,23,15,8
未,1070,449,251,573,504,58,122,162,61,33,382,170,57,169,106,87,70,71,203,50,6,84,11,46,127,101,233,36,14,71,103,95,19,9,6,8,14,6,28,33,4,55,49,28,36,3,18,11,15,29
兵,229,771,1019,692,233,562,131,497,435,168,196,55,45,37,67,110,48,64,16,43,36,95,132,8,53,143,41,25,77,83,82,19,21,4,8,43,28,28,1,10,33,14,30,20,16,54,13,8,4,6
文,521,493,416,407,341,492,219,338,129,361,336,97,81,94,94,66,38,81,62,55,80,39,35,29,70,39,18,112,69,33,48,51,28,5,12,27,43,20,9,23,45,27,3,24,8,16,21,20,1,17
用,581,576,493,505,142,244,227,381,122,166,323,126,59,94,130,169,101,135,74,101,34,33,30,64,73,50,60,63,21,23,50,29,29,21,73,38,30,7,8,23,31,21,50,49,19,9,27,14,26,30
太,207,723,685,380,318,611,160,281,650,129,200,37,107,75,87,20,18,26,14,19,127,62,106,16,16,40,24,42,98,70,59,20,11,7,9,11,11,32,8,20,57,16,14,5,12,49,8,37,2,14
書,256,670,588,428,380,253,283,389,359,75,123,46,72,59,55,21,37,21,30,38,58,48,106,20,20,26,10,78,42,47,26,31,39,12,9,25,15,63,8,24,37,26,0,4,15,19,13,48,3,8
乃,549,632,870,541,71,239,88,396,855,31,210,170,88,79,54,13,10,99,77,45,18,59,70,78,10,58,34,57,108,32,33,9,4,12,3,16,9,41,17,22,12,11,14,30,23,21,25,9,10,20
州,355,718,598,480,383,448,192,444,788,73,125,43,85,75,40,12,35,37,10,26,137,113,120,8,15,68,18,95,47,145,50,19,27,9,8,10,11,28,3,9,31,14,6,1,26,78,6,38,2,2
民,443,607,661,405,139,750,202,296,100,248,217,107,59,83,84,137,61,115,59,88,65,67,22,29,35,61,69,45,69,28,33,18,60,15,17,36,71,18,14,16,25,24,56,32,24,7,23,13,24,29
又,544,337,711,863,206,153,97,481,151,49,264,79,89,51,27,69,87,92,63,75,44,47,67,94,17,47,59,59,64,28,23,12,19,18,79,35,16,46,22,17,27,5,8,7,9,3,21,12,12,27
出,349,587,644,621,354,138,105,497,332,90,240,82,23,44,75,124,74,62,39,53,31,61,67,25,50,127,30,63,11,52,64,22,24,5,13,43,18,26,6,16,18,18,30,20,14,51,38,12,9,11
必,658,448,305,260,118,36,115,213,10,54,324,246,35,194,184,64,56,235,129,100,22,25,6,32,40,24,90,17,8,19,12,28,8,13,39,6,10,4,22,44,8,36,53,50,10,1,39,2,197,15
欲,397,366,635,452,72,146,179,364,64,48,143,99,75,78,49,133,125,63,51,49,30,200,233,109,127,191,37,22,56,133,113,135,35,17,18,25,26,77,5,27,8,59,21,11,17,19,17,4,6,31
軍,157,779,872,484,218,747,71,324,662,129,150,38,60,19,37,45,31,16,8,30,63,62,109,9,16,72,16,35,107,55,84,13,35,8,8,20,16,32,4,9,28,6,9,1,13,37,2,20,8,1
何,129,97,134,46,49,87,62,54,35,26,20,15,31,29,10,0,7,7,25,14,94,9,9,358,5,8,11,4,29,6,7,9,3,1557,902,0,3,9,5,4,8,1,0,0,4,2,0,5,0,0
乎,436,245,121,147,32,43,91,117,13,31,99,77,17,71,39,40,44,40,73,41,21,15,2,2396,15,9,15,12,4,5,7,21,7,24,167,10,6,2,38,19,11,6,6,16,0,1,10,6,29,6
及,321,398,475,421,918,249,119,479,328,76,156,45,59,35,52,82,66,46,61,49,48,41,40,23,40,43,41,35,50,30,37,37,36,8,21,24,24,13,19,17,28,17,17,16,22,7,15,34,29,13
已,1096,342,219,416,153,36,115,181,42,36,130,412,63,311,46,38,102,47,317,20,19,107,10,80,43,36,203,27,14,48,19,54,12,70,39,13,13,8,50,55,4,45,10,9,65,0,9,6,25,18
諸,290,507,562,462,232,546,206,299,341,122,93,64,53,38,35,57,70,29,36,48,73,65,100,43,22,44,14,28,65,29,41,17,69,19,14,23,41,41,5,17,24,26,4,10,9,41,6,19,7,12
明,523,460,469,323,465,271,172,264,82,212,232,92,61,106,130,103,40,64,61,78,22,33,24,25,40,47,63,40,66,14,21,22,12,11,11,14,25,15,13,15,32,14,22,17,3,13,19,15,12,33
四,328,343,371,411,917,188,328,165,95,107,354,102,70,129,125,46,34,92,19,53,37,26,20,14,33,26,27,31,29,18,21,21,34,12,6,17,20,15,9,19,35,23,13,4,23,1,13,35,6,17
日,291,407,338,347,1101,120,117,266,342,135,204,61,87,65,75,81,58,71,33,58,21,29,19,21,33,58,37,42,25,17,36,18,20,10,13,25,19,25,12,7,21,14,27,21,8,10,14,11,26,10
若,268,347,352,202,98,137,255,203,21,163,126,62,33,60,50,741,709,47,61,71,36,21,9,43,44,13,28,28,40,15,14,40,19,109,30,136,12,3,3,14,30,23,18,17,7,1,20,26,8,8
當,622,260,603,222,215,109,111,346,31,44,241,208,31,151,136,78,86,193,127,26,26,78,3,49,38,39,60,10,21,24,26,56,17,21,27,22,7,9,5,30,5,42,28,30,6,7,29,18,30,8
士,312,525,441,313,174,212,363,435,175,66,115,77,149,112,35,24,51,27,36,60,217,43,54,44,18,29,36,43,44,62,34,30,43,5,19,18,14,23,23,18,17,30,11,5,26,15,5,34,4,14
五,306,313,359,359,815,172,309,176,164,142,349,101,76,138,128,51,32,106,20,32,32,13,19,11,25,25,25,29,88,15,18,21,35,3,4,17,19,17,3,6,36,16,7,6,23,10,12,43,2,8
侯,247,414,312,428,174,215,220,291,714,59,58,62,45,43,33,32,58,25,23,36,56,43,89,26,16,29,11,30,46,38,33,25,23,14,10,9,8,17,8,21,22,20,3,2,3,50,6,22,8,17
從,380,385,462,444,101,255,150,417,448,86,163,75,45,40,51,108,82,59,46,49,54,39,59,53,27,58,30,59,39,73,76,38,21,15,24,31,14,28,19,21,10,15,18,18,14,26,20,8,22,14
主,353,523,642,383,208,381,129,109,262,50,101,98,87,86,34,35,49,28,18,22,332,79,104,21,30,42,34,23,51,71,29,22,9,16,15,15,3,32,2,17,11,23,2,9,35,37,11,17,3,11
心,420,407,556,299,94,310,117,228,25,169,310,96,36,85,105,209,41,124,58,44,33,22,5,56,67,29,30,27,53,9,43,18,15,5,20,27,60,14,19,10,19,12,50,34,7,0,16,4,11,13
世,438,322,313,343,361,178,268,270,87,113,172,89,96,84,57,30,56,33,86,30,75,49,16,61,42,24,51,34,31,37,29,56,29,11,23,6,16,8,21,25,16,28,9,24,17,4,17,21,11,15
陽,230,494,563,462,188,419,108,150,387,188,170,93,61,61,83,49,28,51,10,24,56,25,67,10,37,85,8,36,137,19,66,13,11,1,2,23,14,14,1,6,29,8,2,2,1,43,23,17,2,4
正,502,361,333,334,652,148,128,117,52,148,267,178,60,96,110,151,54,117,54,53,20,22,19,28,57,30,23,24,81,9,14,19,17,6,14,18,21,7,8,7,14,13,11,17,2,4,15,13,17,15
我,388,182,330,353,117,111,242,147,58,59,113,131,46,90,44,79,122,63,54,30,32,55,12,130,25,33,20,22,22,25,11,51,32,69,60,43,10,17,101,52,7,19,4,15,2,6,30,7,25,14
安,314,467,447,285,126,323,102,173,205,103,195,82,35,57,80,73,27,52,47,37,33,38,54,139,23,56,46,19,41,15,49,11,15,27,178,18,13,11,3,10,21,8,31,13,18,8,14,12,8,10
成,422,387,328,366,248,274,110,144,214,119,247,84,26,73,98,94,33,82,59,50,17,29,33,29,46,61,36,42,37,15,23,22,20,3,14,27,14,12,13,19,15,7,31,25,10,19,20,8,20,13
生,343,452,321,414,222,290,137,225,117,165,208,107,36,80,82,58,41,74,31,53,46,29,29,29,22,37,25,35,53,23,28,23,30,9,14,31,24,9,8,15,19,23,18,8,11,5,15,8,8,15
