도서명,시제,건수,비율
논어집주,현재,3463,42.07265216863079
논어집주,미래/추측,2315,28.12537966225246
논어집주,의문,541,6.572712914591179
논어집주,과거,1912,23.229255254525576
당송팔대가문초구양수1,과거,484,20.578231292517007
당송팔대가문초구양수1,현재,1383,58.80102040816326
당송팔대가문초구양수1,미래/추측,253,10.756802721088436
당송팔대가문초구양수1,의문,232,9.863945578231291
당송팔대가문초구양수2,과거,627,27.11937716262976
당송팔대가문초구양수2,현재,960,41.522491349480966
당송팔대가문초구양수2,미래/추측,410,17.73356401384083
당송팔대가문초구양수2,의문,315,13.624567474048444
당송팔대가문초구양수3,과거,1100,48.161120840630474
당송팔대가문초구양수3,현재,688,30.122591943957964
당송팔대가문초구양수3,미래/추측,329,14.404553415061297
당송팔대가문초구양수3,의문,167,7.311733800350264
당송팔대가문초구양수4,현재,620,30.66271018793274
당송팔대가문초구양수4,과거,1073,53.06627101879327
당송팔대가문초구양수4,미래/추측,204,10.089020771513352
당송팔대가문초구양수4,의문,125,6.181998021760633
당송팔대가문초구양수5,과거,1355,54.15667466027179
당송팔대가문초구양수5,현재,646,25.819344524380494
당송팔대가문초구양수5,미래/추측,299,11.950439648281375
당송팔대가문초구양수5,의문,202,8.073541167066347
당송팔대가문초구양수6,현재,626,27.89661319073084
당송팔대가문초구양수6,미래/추측,234,10.427807486631016
당송팔대가문초구양수6,과거,1216,54.188948306595364
당송팔대가문초구양수6,의문,168,7.4866310160427805
당송팔대가문초소순1,현재,1223,43.29203539823009
당송팔대가문초소순1,미래/추측,573,20.283185840707965
당송팔대가문초소순1,의문,282,9.982300884955752
당송팔대가문초소순1,과거,747,26.442477876106196
당송팔대가문초소식2,현재,1102,45.51838083436596
당송팔대가문초소식2,미래/추측,424,17.51342420487402
당송팔대가문초소식2,의문,313,12.928541924824453
당송팔대가문초소식2,과거,582,24.03965303593556
당송팔대가문초소식3,현재,537,34.46726572528883
당송팔대가문초소식3,미래/추측,429,27.535301668806163
당송팔대가문초소식3,의문,153,9.82028241335045
당송팔대가문초소식3,과거,439,28.177150192554556
당송팔대가문초소식4,과거,404,25.281602002503128
당송팔대가문초소식4,현재,770,48.18523153942428
당송팔대가문초소식4,미래/추측,237,14.831038798498122
당송팔대가문초소식4,의문,187,11.702127659574469
당송팔대가문초소철1,과거,584,26.76443629697525
당송팔대가문초소철1,현재,1094,50.13748854262145
당송팔대가문초소철1,미래/추측,277,12.694775435380384
당송팔대가문초소철1,의문,227,10.403299725022915
당송팔대가문초소철2,과거,779,42.0399352401511
당송팔대가문초소철2,현재,597,32.21802482460874
당송팔대가문초소철2,미래/추측,349,18.834322719913654
당송팔대가문초소철2,의문,128,6.907717215326498
당송팔대가문초소철3,현재,814,52.34726688102894
당송팔대가문초소철3,과거,426,27.395498392282956
당송팔대가문초소철3,미래/추측,171,10.996784565916398
당송팔대가문초소철3,의문,144,9.260450160771704
당송팔대가문초왕안석1,과거,644,26.146975233455137
당송팔대가문초왕안석1,현재,1132,45.96021112464474
당송팔대가문초왕안석1,미래/추측,395,16.03735282176208
당송팔대가문초왕안석1,의문,292,11.855460820138044
당송팔대가문초왕안석2,과거,1255,50.401606425702816
당송팔대가문초왕안석2,미래/추측,393,15.783132530120481
당송팔대가문초왕안석2,의문,202,8.112449799196787
당송팔대가문초왕안석2,현재,640,25.702811244979916
당송팔대가문초유종원1,과거,570,28.628829733802107
당송팔대가문초유종원1,현재,873,43.84731290808639
당송팔대가문초유종원1,미래/추측,296,14.866901054746359
당송팔대가문초유종원1,의문,252,12.656956303365144
당송팔대가문초유종원2,과거,830,37.28661275831087
당송팔대가문초유종원2,현재,855,38.40970350404312
당송팔대가문초유종원2,미래/추측,311,13.971248876909254
당송팔대가문초유종원2,의문,230,10.332434860736747
당송팔대가문초증공1,과거,1029,32.3992443324937
당송팔대가문초증공1,현재,1313,41.34130982367758
당송팔대가문초증공1,미래/추측,515,16.21536523929471
당송팔대가문초증공1,의문,319,10.044080604534004
당송팔대가문초한유1,과거,482,26.77777777777778
당송팔대가문초한유1,현재,824,45.77777777777778
당송팔대가문초한유1,의문,212,11.777777777777777
당송팔대가문초한유1,미래/추측,282,15.666666666666668
당송팔대가문초한유2,과거,793,38.27220077220077
당송팔대가문초한유2,현재,687,33.156370656370655
당송팔대가문초한유2,미래/추측,375,18.098455598455597
당송팔대가문초한유2,의문,217,10.472972972972974
당송팔대가문초한유3,과거,815,60.103244837758105
당송팔대가문초한유3,현재,349,25.737463126843657
당송팔대가문초한유3,미래/추측,141,10.398230088495575
당송팔대가문초한유3,의문,51,3.761061946902655
당시삼백수1,미래/추측,202,21.5122470713525
당시삼백수1,의문,52,5.537806176783812
당시삼백수1,과거,305,32.481363152289674
당시삼백수1,현재,380,40.46858359957402
당시삼백수2,현재,868,41.75084175084175
당시삼백수2,미래/추측,432,20.77922077922078
당시삼백수2,의문,136,6.541606541606542
당시삼백수2,과거,643,30.928330928330926
당시삼백수3,현재,659,43.67130550033135
당시삼백수3,미래/추측,296,19.615639496355204
당시삼백수3,의문,56,3.7110669317428764
당시삼백수3,과거,498,33.00198807157058
대학장구,과거,62,13.219616204690832
대학장구,현재,250,53.304904051172706
대학장구,의문,10,2.1321961620469083
대학장구,미래/추측,147,31.343283582089555
맹자집주,과거,1959,22.06081081081081
맹자집주,미래/추측,2318,26.103603603603602
맹자집주,의문,795,8.952702702702704
맹자집주,현재,3808,42.88288288288288
서경집전(상),과거,1467,24.659606656580937
서경집전(상),현재,2659,44.696587661791895
서경집전(상),의문,225,3.7821482602118004
서경집전(상),미래/추측,1598,26.861657421415362
서경집전(하),과거,1432,23.878605969651492
서경집전(하),현재,2523,42.07103551775888
서경집전(하),미래/추측,1702,28.380857095214274
서경집전(하),의문,340,5.669501417375354
시경집전(상),과거,968,15.562700964630224
시경집전(상),의문,163,2.620578778135048
시경집전(상),현재,3434,55.20900321543408
시경집전(상),미래/추측,1655,26.607717041800644
시경집전(하),과거,929,14.618410700236034
시경집전(하),의문,138,2.1715184893784425
시경집전(하),현재,3594,56.55389457120378
시경집전(하),미래/추측,1694,26.656176239181743
예기집설대전1,현재,1387,51.73442745244312
예기집설대전1,미래/추측,871,32.48787765759045
예기집설대전1,의문,94,3.5061544199925403
예기집설대전1,과거,329,12.27154046997389
예기집설대전2,과거,665,24.129172714078376
예기집설대전2,현재,1176,42.670537010159656
예기집설대전2,의문,208,7.547169811320755
예기집설대전2,미래/추측,707,25.65312046444122
자치통감강목1,의문,201,9.335810496980956
자치통감강목1,과거,924,42.91686019507664
자치통감강목1,현재,782,36.32141198327915
자치통감강목1,미래/추측,246,11.425917324663262
자치통감강목2,과거,1118,35.390946502057616
자치통감강목2,현재,1431,45.2991452991453
자치통감강목2,미래/추측,498,15.7644824311491
자치통감강목2,의문,112,3.5454257676479894
자치통감강목3,과거,1262,29.771172446331683
자치통감강목3,미래/추측,770,18.16466147676339
자치통감강목3,의문,257,6.06275064873791
자치통감강목3,현재,1950,46.00141542816702
자치통감강목4,과거,1439,35.733796871119935
자치통감강목4,현재,1762,43.75465607151725
자치통감강목4,미래/추측,716,17.779985100571142
자치통감강목4,의문,110,2.7315619567916563
자치통감강목5,과거,1230,34.11927877947296
자치통감강목5,현재,1693,46.962552011095696
자치통감강목5,미래/추측,548,15.20110957004161
자치통감강목5,의문,134,3.7170596393897366
자치통감강목6,과거,786,37.14555765595463
자치통감강목6,현재,964,45.55765595463138
자치통감강목6,미래/추측,260,12.287334593572778
자치통감강목6,의문,106,5.00945179584121
자치통감강목7,과거,1097,51.26168224299066
자치통감강목7,현재,661,30.887850467289717
자치통감강목7,미래/추측,228,10.654205607476635
자치통감강목7,의문,154,7.196261682242991
주역전의(상),과거,1633,20.66826983926085
주역전의(상),현재,3493,44.209593722313635
주역전의(상),미래/추측,2395,30.31261865586635
주역전의(상),의문,380,4.809517782559169
주역전의(하),현재,3568,45.603271983640084
주역전의(하),미래/추측,2621,33.49948875255624
주역전의(하),의문,379,4.844069529652352
주역전의(하),과거,1256,16.05316973415133
중용장구,과거,128,14.050493962678376
중용장구,현재,486,53.34796926454446
중용장구,미래/추측,278,30.515916575192097
중용장구,의문,19,2.0856201975850714
춘추좌씨전1,현재,721,46.0997442455243
춘추좌씨전1,과거,566,36.18925831202046
춘추좌씨전1,미래/추측,190,12.148337595907927
춘추좌씨전1,의문,87,5.562659846547315
춘추좌씨전2,과거,1029,42.50309789343247
춘추좌씨전2,현재,743,30.689797604295745
춘추좌씨전2,의문,249,10.285006195786865
춘추좌씨전2,미래/추측,400,16.52209830648492
춘추좌씨전3,과거,826,41.05367793240557
춘추좌씨전3,현재,645,32.05765407554672
춘추좌씨전3,미래/추측,337,16.749502982107355
춘추좌씨전3,의문,204,10.139165009940358
춘추좌씨전4,과거,766,40.91880341880342
춘추좌씨전4,현재,584,31.196581196581196
춘추좌씨전4,미래/추측,326,17.414529914529915
춘추좌씨전4,의문,196,10.47008547008547
춘추좌씨전5,과거,883,35.894308943089435
춘추좌씨전5,현재,827,33.61788617886179
춘추좌씨전5,미래/추측,420,17.073170731707318
춘추좌씨전5,의문,330,13.414634146341465
춘추좌씨전6,현재,671,33.1358024691358
춘추좌씨전6,의문,242,11.950617283950617
춘추좌씨전6,과거,770,38.02469135802469
춘추좌씨전6,미래/추측,342,16.88888888888889
당송팔대가문초소식1,과거,476,23.006283228612855
당송팔대가문초소식1,미래/추측,324,15.659739004349927
당송팔대가문초소식1,의문,281,13.581440309328178
당송팔대가문초소식1,현재,988,47.75253745770904
당송팔대가문초소식5,현재,506,33.26758711374096
당송팔대가문초소식5,미래/추측,305,20.052596975673897
당송팔대가문초소식5,과거,498,32.74161735700197
당송팔대가문초소식5,의문,212,13.93819855358317
춘추좌씨전7,과거,789,41.158059467918626
춘추좌씨전7,현재,643,33.54199269692227
춘추좌씨전7,미래/추측,285,14.86697965571205
춘추좌씨전7,의문,200,10.432968179447052
춘추좌씨전8,현재,132,28.14498933901919
춘추좌씨전8,미래/추측,67,14.285714285714285
춘추좌씨전8,의문,68,14.498933901918976
춘추좌씨전8,과거,202,43.070362473347544
