현토,시제,건수,비율
리오,현재,800,22.93577981651376
리오,미래/추측,1084,31.077981651376145
리오,의문,1083,31.049311926605505
리오,과거,521,14.936926605504588
라,과거,10455,21.16139740112537
라,현재,24154,48.88879893130389
라,미래/추측,12971,26.253896287900254
라,의문,1826,3.6959073796704858
니라,과거,1017,35.324765543591525
니라,현재,1159,40.257033692254254
니라,미래/추측,547,18.999652657172632
니라,의문,156,5.418548106981591
인저,과거,85,22.546419098143236
인저,현재,149,39.52254641909814
인저,미래/추측,126,33.42175066312997
인저,의문,17,4.509283819628647
니,과거,302,16.529830322933773
니,현재,894,48.93267651888342
니,미래/추측,462,25.287356321839084
니,의문,169,9.250136836343732
하니,미래/추측,512,14.377983712440326
하니,의문,251,7.0485818590283635
하니,과거,1425,40.01684919966302
하니,현재,1373,38.55658522886829
아,과거,902,17.21045601984354
아,현재,1309,24.976149589772945
아,미래/추측,1458,27.819118488838008
아,의문,1572,29.994275901545507
니이다,과거,806,25.211135439474507
니이다,현재,1870,58.49233656553019
니이다,의문,252,7.882389740381608
니이다,미래/추측,269,8.4141382546137
이나,현재,107,47.55555555555556
이나,미래/추측,33,14.666666666666666
이나,과거,75,33.33333333333333
이나,의문,10,4.444444444444445
이리오,과거,200,15.174506828528072
이리오,미래/추측,406,30.804248861911987
이리오,의문,406,30.804248861911987
이리오,현재,306,23.21699544764795
이니라,현재,307,35.656213704994194
이니라,미래/추측,181,21.022067363530777
이니라,의문,55,6.3879210220673635
이니라,과거,318,36.933797909407666
이라,과거,4593,31.281073350132804
이라,현재,6654,45.31771436354968
이라,미래/추측,2946,20.06401961452019
이라,의문,490,3.3371926717973164
하나니,현재,213,51.69902912621359
하나니,미래/추측,101,24.514563106796118
하나니,의문,38,9.223300970873787
하나니,과거,60,14.563106796116504
리라,과거,256,23.65988909426987
리라,현재,431,39.83364140480592
리라,미래/추측,323,29.852125693160815
리라,의문,72,6.654343807763401
이러니,과거,304,58.80077369439072
이러니,현재,159,30.754352030947775
이러니,미래/추측,35,6.769825918762089
이러니,의문,19,3.67504835589942
로라,과거,131,36.08815426997245
로라,현재,125,34.43526170798898
로라,의문,45,12.396694214876034
로라,미래/추측,62,17.079889807162534
하리라,현재,198,35.869565217391305
하리라,미래/추측,165,29.891304347826086
하리라,의문,35,6.340579710144928
하리라,과거,154,27.898550724637683
하다,현재,1498,23.08166409861325
하다,미래/추측,614,9.460708782742682
하다,의문,226,3.4822804314329736
하다,과거,4152,63.9753466872111
라하시니,과거,23,23.46938775510204
라하시니,현재,43,43.87755102040816
라하시니,의문,9,9.183673469387756
라하시니,미래/추측,23,23.46938775510204
하라,현재,279,37.80487804878049
하라,미래/추측,155,21.00271002710027
하라,과거,273,36.99186991869919
하라,의문,31,4.200542005420054
시니라,과거,33,26.190476190476193
시니라,현재,44,34.92063492063492
시니라,미래/추측,40,31.746031746031743
시니라,의문,9,7.142857142857142
이요,현재,215,54.70737913486005
이요,미래/추측,64,16.28498727735369
이요,과거,99,25.190839694656486
이요,의문,15,3.816793893129771
하니라,과거,1337,54.70540098199672
하니라,현재,724,29.623567921440262
하니라,미래/추측,315,12.888707037643208
하니라,의문,68,2.7823240589198037
러니,과거,325,58.98366606170599
러니,미래/추측,46,8.348457350272232
러니,의문,18,3.2667876588021776
러니,현재,162,29.401088929219597
리니,현재,54,46.95652173913044
리니,미래/추측,33,28.695652173913043
리니,의문,15,13.043478260869565
리니,과거,13,11.304347826086957
하여,과거,164,46.72364672364672
하여,현재,129,36.75213675213676
하여,의문,15,4.273504273504273
하여,미래/추측,43,12.250712250712251
이라하니,과거,222,38.275862068965516
이라하니,현재,224,38.62068965517241
이라하니,미래/추측,87,15.0
이라하니,의문,47,8.103448275862068
로다,미래/추측,122,19.18238993710692
로다,의문,61,9.59119496855346
로다,현재,231,36.32075471698113
로다,과거,222,34.90566037735849
요,과거,230,24.185068349106203
요,현재,496,52.15562565720294
요,미래/추측,197,20.715036803364878
요,의문,28,2.9442691903259726
이어늘,과거,331,51.96232339089482
이어늘,미래/추측,63,9.89010989010989
이어늘,의문,47,7.378335949764521
이어늘,현재,196,30.76923076923077
하고,과거,700,56.95687550854353
하고,현재,399,32.465419039869815
하고,미래/추측,88,7.160292921074044
하고,의문,42,3.4174125305126117
러라,과거,311,64.38923395445134
러라,현재,118,24.43064182194617
러라,미래/추측,40,8.281573498964804
러라,의문,14,2.898550724637681
호리라,과거,35,33.33333333333333
호리라,현재,27,25.71428571428571
호리라,미래/추측,40,38.095238095238095
호리라,의문,3,2.857142857142857
가,현재,89,24.72222222222222
가,의문,110,30.555555555555557
가,과거,74,20.555555555555554
가,미래/추측,87,24.166666666666668
라하야늘,과거,44,47.82608695652174
라하야늘,현재,43,46.73913043478261
라하야늘,미래/추측,5,5.434782608695652
오,과거,395,22.54566210045662
오,현재,541,30.878995433789953
오,미래/추측,343,19.577625570776256
오,의문,473,26.99771689497717
어든,현재,22,32.83582089552239
어든,미래/추측,16,23.88059701492537
어든,의문,12,17.91044776119403
어든,과거,17,25.37313432835821
어늘,과거,378,43.69942196531792
어늘,현재,297,34.335260115606935
어늘,의문,72,8.323699421965317
어늘,미래/추측,118,13.641618497109825
나,과거,82,29.602888086642597
나,현재,127,45.84837545126354
나,미래/추측,50,18.050541516245488
나,의문,18,6.4981949458483745
하노라,과거,149,34.5707656612529
하노라,현재,197,45.707656612529
하노라,의문,29,6.728538283062645
하노라,미래/추측,56,12.993039443155451
며,미래/추측,19,19.387755102040817
며,의문,12,12.244897959183673
며,현재,47,47.95918367346938
며,과거,20,20.408163265306122
한대,과거,373,56.6869300911854
한대,현재,184,27.96352583586626
한대,미래/추측,63,9.574468085106384
한대,의문,38,5.775075987841945
이라하고,과거,90,46.391752577319586
이라하고,미래/추측,28,14.432989690721648
이라하고,현재,72,37.11340206185567
이라하고,의문,4,2.0618556701030926
라하고,과거,174,42.857142857142854
라하고,현재,172,42.364532019704434
라하고,미래/추측,55,13.546798029556651
라하고,의문,5,1.2315270935960592
하되,과거,27,50.943396226415096
하되,현재,20,37.735849056603776
하되,미래/추측,5,9.433962264150944
하되,의문,1,1.8867924528301887
일새,현재,43,43.43434343434344
일새,과거,43,43.43434343434344
일새,미래/추측,11,11.11111111111111
일새,의문,2,2.0202020202020203
하야,과거,239,47.32673267326732
하야,현재,197,39.00990099009901
하야,미래/추측,43,8.514851485148515
하야,의문,26,5.148514851485149
로되,과거,81,35.84070796460177
로되,현재,92,40.707964601769916
로되,미래/추측,37,16.371681415929203
로되,의문,16,7.079646017699115
라하다,과거,188,47.0
라하다,현재,150,37.5
라하다,미래/추측,48,12.0
라하다,의문,14,3.5000000000000004
면,과거,16,24.242424242424242
면,현재,30,45.45454545454545
면,미래/추측,17,25.757575757575758
면,의문,3,4.545454545454546
이로되,과거,31,44.927536231884055
이로되,현재,27,39.130434782608695
이로되,미래/추측,6,8.695652173913043
이로되,의문,5,7.246376811594203
이라하야늘,과거,22,44.0
이라하야늘,현재,20,40.0
이라하야늘,미래/추측,6,12.0
이라하야늘,의문,2,4.0
호라,과거,26,48.148148148148145
호라,현재,19,35.18518518518518
호라,미래/추측,4,7.4074074074074066
호라,의문,5,9.25925925925926
이러라,과거,193,69.17562724014337
이러라,현재,65,23.297491039426525
이러라,미래/추측,15,5.376344086021505
이러라,의문,6,2.1505376344086025
아하다,과거,22,36.0655737704918
아하다,미래/추측,14,22.950819672131146
아하다,의문,18,29.508196721311474
아하다,현재,7,11.475409836065573
라하니,과거,335,37.51399776035834
라하니,현재,354,39.641657334826434
라하니,미래/추측,152,17.02127659574468
라하니,의문,52,5.823068309070549
라한대,과거,50,48.07692307692308
라한대,현재,43,41.34615384615385
라한대,미래/추측,7,6.730769230769231
라한대,의문,4,3.8461538461538463
이라하다,과거,88,51.162790697674424
이라하다,현재,60,34.883720930232556
이라하다,미래/추측,23,13.372093023255813
이라하다,의문,1,0.5813953488372093
이라한대,과거,30,47.61904761904761
이라한대,현재,28,44.44444444444444
이라한대,미래/추측,5,7.936507936507936
아하고,과거,25,35.2112676056338
아하고,현재,8,11.267605633802818
아하고,미래/추측,16,22.535211267605636
아하고,의문,22,30.985915492957744
아하니,과거,30,32.608695652173914
아하니,의문,24,26.08695652173913
아하니,현재,17,18.478260869565215
아하니,미래/추측,21,22.82608695652174
이니,과거,138,16.974169741697416
이니,현재,434,53.38253382533825
이니,미래/추측,179,22.01722017220172
이니,의문,62,7.626076260762607
오하니,과거,31,37.34939759036144
오하니,현재,15,18.072289156626507
오하니,의문,23,27.710843373493976
오하니,미래/추측,14,16.867469879518072
하며,과거,188,44.54976303317535
하며,현재,179,42.41706161137441
하며,미래/추측,41,9.715639810426541
하며,의문,14,3.3175355450236967
이로다,과거,57,34.54545454545455
이로다,현재,61,36.96969696969697
이로다,미래/추측,31,18.787878787878785
이로다,의문,16,9.696969696969697
리오하고,미래/추측,18,35.294117647058826
리오하고,의문,18,35.294117647058826
리오하고,과거,12,23.52941176470588
리오하고,현재,3,5.88235294117647
여,의문,30,17.045454545454543
여,현재,46,26.136363636363637
여,미래/추측,38,21.59090909090909
여,과거,62,35.22727272727273
하소서,과거,84,24.778761061946902
하소서,현재,177,52.21238938053098
하소서,미래/추측,47,13.864306784660767
하소서,의문,31,9.144542772861357
할새,과거,45,80.35714285714286
할새,현재,9,16.071428571428573
할새,미래/추측,1,1.7857142857142856
할새,의문,1,1.7857142857142856
일새라,현재,100,49.504950495049506
일새라,과거,38,18.81188118811881
일새라,미래/추측,50,24.752475247524753
일새라,의문,14,6.9306930693069315
이온,현재,20,37.735849056603776
이온,미래/추측,14,26.41509433962264
이온,의문,12,22.641509433962266
이온,과거,7,13.20754716981132
하니이다,현재,478,54.50399087799316
하니이다,미래/추측,69,7.8677309007981755
하니이다,의문,59,6.727480045610035
하니이다,과거,271,30.90079817559863
잇고,현재,28,18.91891891891892
잇고,의문,62,41.891891891891895
잇고,과거,36,24.324324324324326
잇고,미래/추측,22,14.864864864864865
잇가,현재,264,24.81203007518797
잇가,미래/추측,262,24.62406015037594
잇가,의문,387,36.37218045112782
잇가,과거,151,14.191729323308271
라하나이다,과거,22,34.92063492063492
라하나이다,현재,34,53.96825396825397
라하나이다,미래/추측,5,7.936507936507936
라하나이다,의문,2,3.1746031746031744
이니이다,과거,435,27.479469361970942
이니이다,현재,921,58.18066961465572
이니이다,미래/추측,121,7.643714466203411
이니이다,의문,106,6.696146557169931
하노이다,현재,185,56.23100303951368
하노이다,미래/추측,32,9.72644376899696
하노이다,과거,98,29.78723404255319
하노이다,의문,14,4.25531914893617
이라하니라,현재,152,38.19095477386934
이라하니라,미래/추측,64,16.08040201005025
이라하니라,의문,13,3.2663316582914574
이라하니라,과거,169,42.462311557788944
이라하니이다,과거,39,36.44859813084112
이라하니이다,현재,52,48.598130841121495
이라하니이다,미래/추측,11,10.2803738317757
이라하니이다,의문,5,4.672897196261682
라하니라,현재,337,38.69115958668197
라하니라,의문,29,3.329506314580941
라하니라,과거,316,36.28013777267508
라하니라,미래/추측,189,21.699196326061998
로소이다,현재,109,53.170731707317074
로소이다,미래/추측,28,13.658536585365855
로소이다,과거,52,25.365853658536587
로소이다,의문,16,7.804878048780488
리잇가,미래/추측,97,30.89171974522293
리잇가,의문,99,31.528662420382165
리잇가,과거,30,9.554140127388536
리잇가,현재,88,28.02547770700637
이로소이다,현재,47,48.45360824742268
이로소이다,과거,31,31.958762886597935
이로소이다,미래/추측,11,11.34020618556701
이로소이다,의문,8,8.24742268041237
하시니이다,현재,66,55.46218487394958
하시니이다,미래/추측,11,9.243697478991598
하시니이다,의문,13,10.92436974789916
하시니이다,과거,29,24.369747899159663
하리이다,현재,104,51.48514851485149
하리이다,미래/추측,40,19.801980198019802
하리이다,과거,40,19.801980198019802
하리이다,의문,18,8.91089108910891
이리이다,현재,63,67.02127659574468
이리이다,의문,9,9.574468085106384
이리이다,과거,14,14.893617021276595
이리이다,미래/추측,8,8.51063829787234
라하니이다,과거,76,38.19095477386934
라하니이다,현재,92,46.231155778894475
라하니이다,의문,10,5.025125628140704
라하니이다,미래/추측,21,10.552763819095476
고,과거,60,20.408163265306122
고,현재,85,28.91156462585034
고,의문,92,31.292517006802722
고,미래/추측,57,19.387755102040817
하시니라,과거,38,26.573426573426573
하시니라,현재,54,37.76223776223776
하시니라,미래/추측,45,31.46853146853147
하시니라,의문,6,4.195804195804196
에,과거,33,50.0
에,현재,21,31.818181818181817
에,의문,4,6.0606060606060606
에,미래/추측,8,12.121212121212121
호리이다,현재,23,43.39622641509434
호리이다,미래/추측,18,33.9622641509434
호리이다,과거,10,18.867924528301888
호리이다,의문,2,3.7735849056603774
이라하나이다,과거,13,21.666666666666668
이라하나이다,현재,29,48.333333333333336
이라하나이다,미래/추측,10,16.666666666666664
이라하나이다,의문,8,13.333333333333334
리이다,과거,108,25.837320574162682
리이다,현재,241,57.655502392344495
리이다,미래/추측,39,9.330143540669857
리이다,의문,30,7.177033492822966
이리잇가,현재,49,26.6304347826087
이리잇가,미래/추측,56,30.434782608695656
이리잇가,의문,58,31.521739130434785
이리잇가,과거,21,11.41304347826087
하리니,현재,96,50.0
하리니,과거,24,12.5
하리니,미래/추측,49,25.520833333333332
하리니,의문,23,11.979166666666668
이리라,현재,67,38.95348837209303
이리라,과거,40,23.25581395348837
이리라,미래/추측,46,26.744186046511626
이리라,의문,19,11.046511627906977
로이다,현재,32,44.44444444444444
로이다,미래/추측,9,12.5
로이다,과거,27,37.5
로이다,의문,4,5.555555555555555
이릿가,현재,34,22.36842105263158
이릿가,미래/추측,44,28.947368421052634
이릿가,의문,44,28.947368421052634
이릿가,과거,30,19.736842105263158
하시니,과거,57,26.26728110599078
하시니,현재,95,43.77880184331797
하시니,미래/추측,48,22.119815668202765
하시니,의문,17,7.834101382488479
니잇고,과거,12,22.22222222222222
니잇고,현재,15,27.77777777777778
니잇고,미래/추측,7,12.962962962962962
니잇고,의문,20,37.03703703703704
아하니라,과거,12,16.666666666666664
아하니라,미래/추측,21,29.166666666666668
아하니라,의문,20,27.77777777777778
아하니라,현재,19,26.38888888888889
어다,현재,33,47.14285714285714
어다,과거,15,21.428571428571427
어다,미래/추측,21,30.0
어다,의문,1,1.4285714285714286
라하시니라,과거,26,28.57142857142857
라하시니라,현재,35,38.46153846153847
라하시니라,미래/추측,27,29.67032967032967
라하시니라,의문,3,3.296703296703297
리잇고,미래/추측,26,29.213483146067414
리잇고,의문,29,32.58426966292135
리잇고,과거,12,13.48314606741573
리잇고,현재,22,24.719101123595504
는,현재,34,47.22222222222222
는,미래/추측,11,15.277777777777779
는,의문,4,5.555555555555555
는,과거,23,31.944444444444443
어니와,과거,27,21.09375
어니와,현재,58,45.3125
어니와,미래/추측,30,23.4375
어니와,의문,13,10.15625
하면,과거,7,13.20754716981132
하면,현재,33,62.264150943396224
하면,미래/추측,10,18.867924528301888
하면,의문,3,5.660377358490567
호되,과거,53,50.476190476190474
호되,현재,43,40.95238095238095
호되,미래/추측,6,5.714285714285714
호되,의문,3,2.857142857142857
릿가,과거,34,18.784530386740332
릿가,현재,44,24.30939226519337
릿가,미래/추측,50,27.624309392265197
릿가,의문,53,29.2817679558011
ㄴ저,과거,44,29.53020134228188
ㄴ저,현재,50,33.557046979865774
ㄴ저,미래/추측,39,26.174496644295303
ㄴ저,의문,16,10.738255033557047
저,과거,41,27.516778523489933
저,현재,63,42.281879194630875
저,미래/추측,34,22.818791946308725
저,의문,11,7.38255033557047
하나니라,과거,14,18.91891891891892
하나니라,현재,41,55.4054054054054
하나니라,미래/추측,18,24.324324324324326
하나니라,의문,1,1.3513513513513513
