marker,count,doc_freq,num_groups,top_groups,x,y,dominant,method,group_level,reweight_by_corpus
라,59270,41682,16,p10:9310;p13:8336;p4:6072;p8:4997;p9:3960,-0.2700327,-0.31755692,p10,pca,parent,none
하고,40828,27592,16,p3:8636;p9:6502;p2:6057;p14:5651;p11:2947,-0.008583412,0.048183575,p3,pca,parent,none
는,36032,25847,16,p4:6494;p13:5992;p9:5178;p10:4683;p3:2602,-0.359885,-0.2419275,p4,pca,parent,none
하니,34332,28455,16,p3:5241;p14:3966;p13:3684;p2:3464;p11:3244,-0.029203363,-0.09086126,p3,pca,parent,none
하여,30844,18543,16,p2:13930;p3:3271;p13:2550;p9:1915;p5:1651,-0.13119736,-0.14302272,p2,pca,parent,none
하야,28587,16213,16,p14:8599;p3:5786;p9:3851;p11:2904;p5:1957,0.18823332,0.15356673,p14,pca,parent,none
에,27299,21258,16,p14:5579;p3:4033;p5:2950;p2:2472;p9:2255,0.056897834,-0.07046616,p14,pca,parent,none
은,26773,19857,16,p10:5564;p13:4585;p15:2467;p4:2114;p3:2057,-0.29135656,-0.31318632,p10,pca,parent,none
이,21711,16291,16,p3:3713;p2:3390;p0:2485;p11:2035;p13:1900,-0.044607744,-0.06672337,p3,pca,parent,none
이라,20040,17665,16,p13:2085;p14:2076;p5:2060;p8:1874;p3:1785,-0.14125103,-0.23846816,p13,pca,parent,none
니,14154,12569,16,p13:3332;p9:1731;p4:1528;p3:1103;p0:866,-0.32245916,-0.2475796,p13,pca,parent,none
요,12606,10445,16,p13:2794;p9:1768;p3:1510;p4:1427;p10:963,-0.35970628,-0.19739588,p13,pca,parent,none
로,11241,10110,16,p8:2022;p3:1438;p2:1375;p9:1287;p13:1280,-0.23225552,-0.15312925,p8,pca,parent,none
하다,9623,7693,16,p14:2606;p5:2040;p11:1532;p7:1157;p2:748,0.4462539,-0.17860799,p14,pca,parent,none
이면,8442,7300,16,p9:1663;p3:977;p13:965;p1:931;p0:882,-0.24854407,-0.034584943,p9,pca,parent,none
이요,8277,7090,16,p13:1683;p9:1124;p3:1109;p4:684;p10:543,-0.324217,-0.16500221,p13,pca,parent,none
면,8163,7155,16,p9:1698;p3:967;p13:814;p1:795;p0:793,-0.23767811,-0.03787497,p9,pca,parent,none
이니,7495,6896,16,p13:1775;p9:945;p3:772;p4:628;p0:518,-0.32163218,-0.21460617,p13,pca,parent,none
하며,5913,4421,16,p3:1647;p9:1188;p2:816;p14:469;p1:405,-0.12152178,0.06854524,p3,pca,parent,none
니라,5431,4978,16,p9:678;p13:616;p3:548;p8:476;p6:459,-0.23117098,-0.2238197,p9,pca,parent,none
이나,5309,4895,16,p9:890;p3:697;p0:650;p13:492;p2:458,-0.2268013,-0.026369879,p9,pca,parent,none
아,5187,4751,16,p9:688;p12:658;p0:576;p1:534;p3:531,-0.06692397,-0.04256108,p9,pca,parent,none
가,4300,3792,16,p3:696;p9:693;p0:529;p14:413;p11:337,-0.10027612,0.013263673,p3,pca,parent,none
니이다,4110,3567,15,p9:1212;p0:1083;p3:558;p2:348;p11:267,-0.07994599,0.33431444,p9,pca,parent,none
어늘,4094,3930,16,p3:590;p11:565;p14:563;p9:465;p5:384,0.07816962,-0.019805267,p3,pca,parent,none
하니라,4047,3600,16,p14:922;p5:649;p3:467;p2:423;p8:307,0.0911337,-0.22940944,p14,pca,parent,none
나,3423,3223,16,p9:627;p3:451;p0:392;p13:295;p2:273,-0.18721178,-0.007148294,p9,pca,parent,none
한대,3273,3119,15,p11:883;p14:584;p5:384;p7:347;p2:344,0.39140555,-0.089718156,p11,pca,parent,none
이어늘,3250,3134,16,p14:521;p11:476;p3:459;p2:364;p5:340,0.13326949,-0.030592056,p14,pca,parent,none
으로,3175,2957,16,p3:596;p14:521;p2:509;p9:388;p13:241,-0.04822611,-0.01351703,p3,pca,parent,none
를,2912,2603,16,p9:636;p3:449;p2:323;p0:256;p14:181,-0.16642776,0.025129482,p9,pca,parent,none
오,2776,2575,16,p11:515;p9:354;p3:326;p0:264;p5:251,0.052864436,-0.047466896,p11,pca,parent,none
리오,2667,2592,16,p9:420;p0:349;p3:275;p5:265;p1:233,-0.10198762,-0.026477305,p9,pca,parent,none
을,2353,2177,16,p9:432;p3:358;p2:258;p0:217;p13:168,-0.18049815,-0.025418688,p9,pca,parent,none
하면,2327,2032,16,p3:432;p9:416;p2:280;p13:264;p0:229,-0.18844002,0.014868867,p3,pca,parent,none
라하니,2265,2220,16,p11:456;p3:333;p13:292;p9:225;p2:152,-0.028805636,-0.14712477,p11,pca,parent,none
러니,2187,2148,15,p14:563;p3:316;p2:275;p11:262;p5:255,0.23862854,-0.013057163,p14,pca,parent,none
로되,2070,1958,16,p3:452;p9:343;p13:200;p14:192;p0:187,-0.1581592,0.02060708,p3,pca,parent,none
이러니,1999,1943,15,p14:527;p2:317;p3:299;p11:227;p5:217,0.2679072,-0.008306529,p14,pca,parent,none
이니이다,1913,1729,15,p0:532;p9:484;p3:241;p2:211;p11:120,-0.05705504,0.33117026,p0,pca,parent,none
과,1833,1419,16,p3:666;p9:260;p14:188;p2:159;p13:135,-0.13603723,0.07611236,p3,pca,parent,none
이라하니,1821,1764,16,p11:316;p3:295;p13:245;p9:176;p5:143,-0.01806166,-0.13458812,p11,pca,parent,none
하시니,1535,1473,16,p3:286;p9:202;p2:199;p0:148;p13:137,-0.12794921,-0.020425417,p3,pca,parent,none
와,1481,1152,16,p3:493;p9:220;p14:187;p13:134;p2:116,-0.14620623,0.046743937,p3,pca,parent,none
이니라,1455,1364,16,p13:148;p1:136;p9:136;p6:135;p5:130,-0.17327863,-0.26723534,p13,pca,parent,none
리라,1357,1313,16,p9:161;p11:154;p8:152;p13:142;p1:127,-0.15567294,-0.19272955,p9,pca,parent,none
호되,1340,1255,16,p2:277;p3:246;p14:190;p11:168;p5:101,0.11012382,0.006390441,p2,pca,parent,none
하나니,1269,1226,15,p9:256;p13:192;p2:131;p0:118;p1:109,-0.301999,-0.09561759,p9,pca,parent,none
엔,1259,1028,15,p9:270;p3:228;p13:145;p2:138;p0:112,-0.26854476,0.016646232,p9,pca,parent,none
라하고,1213,1152,15,p11:430;p3:196;p14:104;p2:97;p9:87,0.21301916,-0.11584436,p11,pca,parent,none
하라,1188,1141,15,p11:280;p5:185;p12:132;p2:113;p1:72,0.23601091,-0.17202683,p11,pca,parent,none
라도,1175,1098,15,p9:369;p3:178;p0:116;p1:112;p2:77,-0.20684269,0.12297189,p9,pca,parent,none
이로되,1106,1056,16,p3:258;p9:176;p14:113;p0:109;p2:86,-0.13341242,0.069166295,p3,pca,parent,none
이라도,1082,1008,15,p9:334;p3:147;p0:126;p1:117;p2:83,-0.2257643,0.1418525,p9,pca,parent,none
로다,1080,1043,15,p12:163;p5:153;p11:148;p3:109;p9:97,0.062725365,-0.14686975,p12,pca,parent,none
하사,1065,902,15,p3:266;p9:196;p2:148;p14:113;p0:99,-0.060128704,0.14344689,p3,pca,parent,none
할새,1037,1014,14,p14:297;p11:169;p3:142;p5:122;p2:117,0.36076546,-0.04430514,p14,pca,parent,none
도,1004,927,16,p9:217;p3:185;p0:96;p13:78;p2:72,-0.18511388,0.045468017,p9,pca,parent,none
잇가,985,934,13,p9:212;p0:210;p3:119;p11:100;p5:67,0.015828155,0.21506341,p9,pca,parent,none
하니이다,984,933,13,p0:217;p3:198;p9:175;p14:143;p2:108,0.053211674,0.33378682,p0,pca,parent,none
이리오,960,935,15,p0:133;p11:129;p9:114;p5:104;p1:98,-0.0016012937,-0.019882098,p0,pca,parent,none
라하니라,950,936,16,p11:166;p13:118;p8:118;p5:80;p3:78,-0.035965145,-0.34131104,p11,pca,parent,none
라가,928,878,16,p14:259;p11:115;p3:115;p2:90;p5:89,0.22436664,0.01263481,p14,pca,parent,none
하되,902,853,15,p9:185;p2:140;p3:126;p14:108;p0:71,-0.055744663,0.097508505,p9,pca,parent,none
며,887,784,16,p9:215;p3:202;p13:106;p0:70;p1:66,-0.27398893,0.037512712,p9,pca,parent,none
이라가,841,809,14,p14:266;p2:112;p3:97;p11:89;p5:78,0.24096757,0.028920166,p14,pca,parent,none
하노라,827,806,16,p11:142;p5:141;p12:101;p14:92;p0:56,0.19018555,-0.14748186,p11,pca,parent,none
어든,824,762,16,p9:169;p2:106;p3:101;p11:86;p1:75,-0.08210785,0.038156077,p9,pca,parent,none
하리니,821,804,14,p9:192;p2:104;p0:101;p11:90;p3:82,-0.11655446,0.08951001,p9,pca,parent,none
러라,792,778,15,p14:229;p5:131;p2:121;p3:113;p11:64,0.26977393,-0.0075810887,p14,pca,parent,none
호대,766,685,16,p9:133;p11:118;p4:100;p5:60;p13:52,-0.07180791,-0.13917816,p9,pca,parent,none
하시고,747,639,15,p3:204;p9:134;p14:104;p2:64;p0:45,-0.030761681,0.09405087,p3,pca,parent,none
컨대,701,690,15,p3:173;p9:118;p0:94;p11:48;p2:48,-0.1122025,0.09796411,p3,pca,parent,none
어니와,675,670,15,p9:151;p3:89;p0:77;p11:69;p1:52,-0.18001238,0.017760005,p9,pca,parent,none
하소서,662,630,15,p11:93;p0:86;p9:83;p5:76;p3:63,0.14715007,0.08650901,p11,pca,parent,none
이라하고,661,615,16,p11:207;p3:126;p14:89;p2:60;p5:47,0.2364093,-0.11068151,p11,pca,parent,none
하리라,658,634,15,p11:196;p7:73;p5:66;p1:47;p12:43,0.2169353,-0.21361037,p11,pca,parent,none
인댄,652,557,15,p9:163;p0:91;p3:65;p11:56;p2:56,-0.17182899,0.050104797,p9,pca,parent,none
일새,650,632,16,p14:136;p3:104;p2:79;p9:63;p5:58,-0.00066791475,-0.028611207,p14,pca,parent,none
리이다,562,545,12,p0:141;p9:141;p11:70;p2:57;p3:54,0.04861837,0.33670244,p0,pca,parent,none
인저,538,519,16,p13:55;p6:52;p5:47;p12:46;p9:44,-0.15021512,-0.29112127,p13,pca,parent,none
이어든,530,477,15,p2:89;p9:87;p3:76;p1:49;p14:46,-0.08246974,0.04165498,p2,pca,parent,none
하여는,524,499,15,p3:104;p2:97;p9:92;p13:68;p0:33,-0.21907759,-0.00052477047,p3,pca,parent,none
이며,520,463,16,p3:134;p13:97;p9:64;p14:43;p0:35,-0.22079778,-0.025119023,p3,pca,parent,none
히,516,489,14,p3:142;p14:91;p9:63;p2:56;p0:44,0.0023980103,0.13841832,p3,pca,parent,none
리니,510,501,15,p9:129;p0:85;p13:48;p3:48;p7:40,-0.2085278,0.08255887,p9,pca,parent,none
이러라,507,501,14,p14:136;p2:90;p5:90;p3:51;p11:47,0.3044471,-0.02175745,p14,pca,parent,none
여,468,418,16,p12:178;p5:85;p3:57;p11:25;p9:23,0.061671037,-0.18480648,p12,pca,parent,none
로라,463,452,15,p11:73;p9:62;p5:56;p0:54;p3:40,0.058863457,-0.032412723,p11,pca,parent,none
이오,463,394,16,p3:88;p9:77;p11:51;p0:38;p13:34,-0.10267737,-0.008372687,p3,pca,parent,none
하노이다,458,452,15,p0:100;p11:77;p2:56;p9:51;p5:45,0.17219022,0.11748505,p0,pca,parent,none
이라하니라,437,432,16,p11:62;p5:56;p8:53;p14:50;p2:38,0.04817954,-0.34596536,p11,pca,parent,none
라하다,424,418,14,p11:234;p5:41;p14:33;p7:26;p2:21,0.4522652,-0.19645329,p11,pca,parent,none
고,394,380,15,p12:65;p11:61;p5:48;p3:41;p9:39,0.066162765,-0.104258716,p12,pca,parent,none
하얀,354,330,14,p9:91;p3:76;p14:60;p0:45;p5:19,-0.039469212,0.27516615,p9,pca,parent,none
의,332,305,16,p3:107;p14:36;p13:28;p2:27;p5:24,-0.0457689,-0.030227138,p3,pca,parent,none
일새라,307,306,16,p6:89;p13:56;p4:30;p9:23;p1:20,-0.27432907,-0.33741367,p6,pca,parent,none
시니라,305,304,16,p8:97;p13:38;p6:38;p2:20;p9:19,-0.3138709,-0.41871685,p8,pca,parent,none
라야,293,282,15,p9:47;p13:44;p3:35;p0:33;p8:26,-0.26136988,-0.08875279,p9,pca,parent,none
이라하여,279,270,13,p2:177;p3:26;p11:16;p5:14;p9:11,0.06345345,-0.08776574,p2,pca,parent,none
하노니,272,269,15,p2:40;p9:36;p5:35;p11:29;p0:25,0.02748759,-0.025308076,p2,pca,parent,none
이로다,269,252,15,p5:58;p12:49;p11:27;p0:22;p3:19,0.121359676,-0.17553657,p5,pca,parent,none
하리이다,267,261,12,p9:62;p0:54;p11:29;p14:22;p3:21,0.097037286,0.26804948,p9,pca,parent,none
로소이다,250,245,14,p9:58;p0:52;p3:34;p14:31;p11:22,0.06641039,0.26269105,p9,pca,parent,none
라하시니,245,244,15,p13:41;p3:38;p9:34;p11:32;p5:19,-0.17442074,-0.16248415,p13,pca,parent,none
이라야,242,231,16,p9:43;p13:37;p3:29;p8:25;p0:23,-0.2971681,-0.09537366,p9,pca,parent,none
이어니와,239,234,15,p9:51;p0:37;p11:35;p3:24;p13:20,-0.14308992,0.011386428,p9,pca,parent,none
하야는,239,225,11,p9:87;p3:67;p14:27;p0:20;p13:11,-0.19749838,0.32398513,p9,pca,parent,none
하시니라,237,236,16,p8:67;p2:26;p5:26;p13:22;p3:17,-0.15310904,-0.40342304,p8,pca,parent,none
라하여,235,233,14,p2:125;p3:35;p11:18;p9:17;p5:13,0.08384751,-0.023041725,p2,pca,parent,none
리잇가,230,228,11,p0:76;p9:65;p3:32;p1:14;p2:12,-0.11625049,0.44645658,p0,pca,parent,none
라하야,223,216,13,p14:54;p11:40;p3:38;p9:29;p5:20,0.26243114,0.11877671,p14,pca,parent,none
이라하야,216,213,14,p14:58;p3:41;p11:29;p9:29;p7:17,0.19081712,0.13802244,p14,pca,parent,none
하시면,210,202,12,p9:56;p0:45;p3:34;p2:28;p11:20,-0.015018173,0.34946358,p9,pca,parent,none
하나니라,207,200,14,p6:57;p9:33;p3:20;p8:16;p5:14,-0.20402572,-0.16964798,p6,pca,parent,none
이라하다,197,196,13,p11:99;p2:26;p14:22;p5:18;p3:11,0.47544107,-0.17580111,p11,pca,parent,none
라한대,196,196,14,p11:94;p2:21;p3:19;p5:16;p14:14,0.4172539,-0.11673172,p11,pca,parent,none
라하니이다,194,192,13,p0:48;p3:35;p11:33;p9:24;p14:16,0.0795802,0.22090232,p0,pca,parent,none
에도,188,184,15,p3:38;p9:28;p0:20;p13:19;p2:19,-0.16975689,0.0072922334,p3,pca,parent,none
하시며,181,129,11,p3:69;p9:34;p14:23;p2:20;p1:16,-0.06500475,0.23597986,p3,pca,parent,none
호니,178,175,15,p3:39;p11:33;p0:21;p9:20;p14:16,0.09798793,0.10858935,p3,pca,parent,none
ᄂ저,176,170,14,p11:43;p7:25;p3:19;p0:18;p5:18,0.1437209,-0.13522428,p11,pca,parent,none
잇고,167,165,12,p6:38;p11:27;p5:22;p12:17;p9:14,0.16714603,-0.0462149,p6,pca,parent,none
ㄴ저,165,162,16,p11:32;p9:22;p3:17;p0:14;p5:12,0.012751956,-0.122479185,p11,pca,parent,none
이리라,165,165,15,p9:28;p11:26;p0:16;p1:16;p7:16,-0.033078283,-0.052528456,p9,pca,parent,none
로대,159,150,13,p9:27;p0:26;p14:21;p3:16;p7:12,-0.08917215,0.10872464,p9,pca,parent,none
이온,154,154,15,p3:25;p0:21;p9:20;p1:17;p2:17,-0.056334898,0.10153401,p3,pca,parent,none
이리이다,148,146,11,p0:51;p9:37;p3:15;p2:13;p11:10,0.0012567565,0.40467787,p0,pca,parent,none
아하고,145,143,13,p11:68;p3:14;p5:13;p14:12;p9:10,0.37274894,-0.017247189,p11,pca,parent,none
온,144,143,14,p9:30;p0:29;p3:19;p1:16;p2:11,-0.13772288,0.17631589,p9,pca,parent,none
아하니,143,142,14,p11:59;p3:18;p5:13;p2:12;p1:8,0.19262964,-0.19839221,p11,pca,parent,none
라하야늘,142,139,13,p11:63;p5:16;p14:13;p0:12;p3:9,0.38833827,-0.07120287,p11,pca,parent,none
이리니,141,141,11,p9:41;p0:29;p11:21;p3:19;p7:9,-0.061427653,0.26130316,p9,pca,parent,none
하시니이다,137,134,12,p0:34;p9:31;p14:26;p3:24;p1:5,-0.025321104,0.40125218,p0,pca,parent,none
오하니,130,130,12,p11:51;p3:16;p5:16;p12:12;p9:7,0.31190988,-0.051828705,p11,pca,parent,none
이라하시니,128,126,13,p3:34;p13:20;p1:14;p11:12;p9:11,-0.19957653,-0.08813791,p3,pca,parent,none
릿가,125,122,11,p11:33;p0:21;p7:20;p3:15;p9:15,0.24755687,0.1860875,p11,pca,parent,none
이리잇가,123,119,9,p0:43;p9:33;p3:13;p1:8;p2:8,-0.078928284,0.4524014,p0,pca,parent,none
호리라,122,118,15,p11:36;p12:14;p5:12;p6:9;p2:8,0.20685288,-0.2638501,p11,pca,parent,none
이여,120,118,12,p12:63;p5:20;p3:13;p8:5;p13:4,0.07952514,-0.22678871,p12,pca,parent,none
라하시니라,114,114,13,p8:20;p2:19;p13:18;p11:11;p6:9,-0.26422018,-0.40624806,p8,pca,parent,none
시니,111,111,13,p13:16;p3:14;p1:12;p2:10;p9:10,-0.25146973,-0.19334528,p13,pca,parent,none
어다,110,108,16,p12:27;p5:16;p2:14;p0:10;p1:10,0.0013811588,-0.23281468,p12,pca,parent,none
이로소이다,106,101,10,p0:30;p9:25;p14:13;p3:12;p5:9,0.07018902,0.36309707,p0,pca,parent,none
에는,105,93,13,p9:24;p3:19;p0:15;p4:11;p13:9,-0.25525934,0.104220554,p9,pca,parent,none
이라하니이다,105,105,11,p0:31;p3:24;p11:20;p14:10;p9:8,0.18304071,0.26847354,p0,pca,parent,none
이라한대,104,103,13,p11:46;p2:22;p14:8;p3:7;p5:5,0.35613903,-0.081600346,p11,pca,parent,none
하나,99,94,14,p3:18;p9:13;p13:11;p2:10;p0:8,-0.2131187,-0.103414096,p3,pca,parent,none
하야도,98,98,12,p3:23;p14:20;p9:18;p5:8;p1:6,-0.014123976,0.11661862,p3,pca,parent,none
커늘,96,95,11,p11:22;p5:18;p14:16;p2:10;p3:7,0.5005485,-0.13150138,p11,pca,parent,none
이릿가,95,91,11,p11:22;p9:15;p5:13;p3:12;p0:11,0.1715968,0.108294606,p11,pca,parent,none
이어시늘,91,87,13,p3:24;p2:20;p11:10;p0:8;p5:6,0.095964864,-0.034457117,p3,pca,parent,none
하오니,91,88,10,p0:25;p9:24;p3:18;p14:8;p2:6,-0.051688902,0.42342064,p0,pca,parent,none
하신대,88,86,12,p3:21;p2:16;p11:14;p5:9;p7:8,0.2464757,-0.09642323,p3,pca,parent,none
언마는,87,86,13,p9:15;p13:12;p2:11;p1:10;p3:10,-0.3358386,-0.042920914,p9,pca,parent,none
리오마는,86,84,13,p9:24;p3:13;p0:12;p1:8;p2:7,-0.22352692,0.15750682,p9,pca,parent,none
호라,86,83,10,p5:18;p11:12;p14:12;p3:9;p1:8,0.2734009,0.039628915,p5,pca,parent,none
이로라,85,84,15,p0:13;p9:13;p5:12;p3:9;p11:8,0.013710242,0.075482376,p0,pca,parent,none
이라하야늘,84,83,10,p11:33;p14:17;p3:9;p5:9;p9:6,0.43366092,0.11001134,p11,pca,parent,none
로이다,83,80,12,p11:15;p6:13;p5:11;p3:9;p0:8,0.20120966,0.003340859,p11,pca,parent,none
일새니이다,83,83,12,p0:26;p9:23;p3:8;p1:5;p12:5,-0.114640154,0.35472426,p0,pca,parent,none
라하더니,75,74,12,p11:33;p3:11;p14:10;p0:5;p5:5,0.3432202,-0.051407546,p11,pca,parent,none
어시늘,74,72,12,p3:18;p2:10;p11:7;p5:7;p9:7,0.04277499,-0.00070892833,p3,pca,parent,none
리오하고,73,73,10,p11:29;p3:11;p5:10;p2:7;p14:5,0.2862842,-0.02568199,p11,pca,parent,none
일새니라,73,72,15,p1:14;p9:12;p13:6;p3:6;p4:6,-0.24278381,-0.14533898,p1,pca,parent,none
리잇고,71,71,8,p9:21;p3:17;p0:12;p11:7;p2:5,0.01261067,0.36209813,p9,pca,parent,none
이로대,71,70,12,p14:11;p3:11;p9:11;p11:8;p0:6,0.0297117,0.07690764,p14,pca,parent,none
론,69,66,12,p3:17;p9:12;p14:10;p0:7;p11:6,-0.06311392,0.08433748,p3,pca,parent,none
하라하니,69,69,11,p11:22;p5:9;p14:8;p7:8;p2:7,0.40866637,-0.04941616,p11,pca,parent,none
인대,68,64,15,p0:13;p11:12;p9:9;p1:5;p2:5,0.036455154,0.049021766,p0,pca,parent,none
하더라,67,66,13,p11:19;p5:12;p7:8;p14:5;p3:5,0.3837166,-0.0813555,p11,pca,parent,none
리오하니,65,65,12,p11:15;p3:10;p9:10;p0:6;p1:5,-0.024650872,0.03542325,p11,pca,parent,none
라하나이다,64,63,10,p9:19;p0:14;p2:9;p3:8;p1:3,-0.048122525,0.4080557,p9,pca,parent,none
라하노이다,63,63,8,p9:22;p0:20;p1:8;p3:6;p2:4,-0.27682185,0.46808216,p9,pca,parent,none
라하노라,62,62,12,p8:15;p9:11;p13:10;p0:5;p11:5,-0.31426913,-0.1737272,p8,pca,parent,none
라하면,60,60,12,p9:17;p3:9;p11:7;p7:6;p0:5,-0.090317495,0.16738005,p9,pca,parent,none
호리이다,60,59,10,p0:22;p9:9;p11:8;p2:6;p5:5,0.07540708,0.3001997,p0,pca,parent,none
타가,59,57,7,p14:30;p11:10;p7:8;p5:6;p3:3,0.5883485,-0.10852398,p14,pca,parent,none
하라하고,59,59,12,p11:26;p3:7;p5:6;p9:6;p14:4,0.34651014,-0.01729497,p11,pca,parent,none
하시다,59,56,10,p5:15;p14:14;p3:8;p7:8;p2:5,0.39779332,0.013128519,p5,pca,parent,none
니잇고,58,56,12,p6:10;p12:8;p3:8;p5:8;p1:5,0.11187815,-0.17307965,p6,pca,parent,none
러시니,58,57,13,p14:11;p2:10;p3:7;p5:6;p11:5,0.15737602,-0.08934267,p14,pca,parent,none
아하니라,58,58,14,p11:15;p8:8;p2:7;p13:6;p9:5,-0.09334334,-0.2997011,p11,pca,parent,none
언정,58,56,12,p11:11;p9:11;p6:7;p1:6;p5:5,0.0047468655,-0.048307918,p11,pca,parent,none
라하시고,57,54,12,p11:18;p3:11;p9:8;p2:5;p5:3,0.19405082,-0.0082948,p11,pca,parent,none
으로도,57,55,13,p3:16;p9:11;p1:6;p14:4;p8:4,-0.1658501,0.07956585,p3,pca,parent,none
하실새,57,56,12,p5:9;p3:8;p11:7;p2:7;p7:7,0.09966552,-0.088485435,p5,pca,parent,none
이라하나이다,54,54,8,p0:17;p9:16;p2:7;p1:5;p11:4,-0.15239847,0.36974376,p0,pca,parent,none
이어니,52,52,11,p11:11;p5:10;p6:9;p9:7;p14:4,0.2716061,-0.058831125,p11,pca,parent,none
컨댄,52,52,9,p0:17;p9:12;p3:10;p14:4;p13:3,-0.23344696,0.36575946,p0,pca,parent,none
하시되,52,46,12,p9:13;p3:9;p13:7;p5:6;p2:5,-0.14987585,0.028973743,p9,pca,parent,none
로니,51,50,12,p3:8;p11:7;p0:5;p14:5;p5:5,0.069951974,0.009602442,p3,pca,parent,none
